Unnamed: 2,Unnamed: 3,Unnamed: 4,Unnamed: 5,Unnamed: 6,Unnamed: 7,Unnamed: 8,Unnamed: 9,Unnamed: 10,Unnamed: 11,Unnamed: 12,Unnamed: 13,Unnamed: 14,Unnamed: 15,Unnamed: 16,Unnamed: 17,Unnamed: 18,Unnamed: 19,Unnamed: 20,Unnamed: 21,Unnamed: 22,Unnamed: 23,Unnamed: 24,Unnamed: 25,Unnamed: 26,Unnamed: 27,Unnamed: 28,Unnamed: 29,Unnamed: 30,Unnamed: 32,Unnamed: 33,Unnamed: 34,Unnamed: 35,Unnamed: 36,Unnamed: 37,Unnamed: 38,Unnamed: 39,Unnamed: 40,Unnamed: 41,Unnamed: 42,Unnamed: 43,Unnamed: 44,Unnamed: 45,Unnamed: 47,Unnamed: 48,Unnamed: 49,Unnamed: 50,Unnamed: 51,Unnamed: 52,Unnamed: 53,Unnamed: 54,Unnamed: 55,Unnamed: 56,Unnamed: 57,Unnamed: 58,Unnamed: 59,Unnamed: 60,Unnamed: 62,Unnamed: 63,Unnamed: 64,Unnamed: 65,Unnamed: 66,Unnamed: 67,Unnamed: 68,Unnamed: 69,Unnamed: 70,Unnamed: 71,Unnamed: 72,Unnamed: 73,Unnamed: 74,Unnamed: 75,Unnamed: 77,Unnamed: 78,Unnamed: 79,Unnamed: 80,Unnamed: 81,Unnamed: 82,Unnamed: 83,Unnamed: 84,Unnamed: 85,Unnamed: 86,Unnamed: 87,Unnamed: 88,Unnamed: 89,Unnamed: 90,Unnamed: 92,Unnamed: 93,Unnamed: 94,Unnamed: 95,Unnamed: 96,Unnamed: 97,Unnamed: 98,Unnamed: 99,Unnamed: 100,Unnamed: 101,Unnamed: 102,Unnamed: 103,Unnamed: 104,Unnamed: 105,Unnamed: 107,Unnamed: 108,Unnamed: 109,Unnamed: 110,Unnamed: 111,Unnamed: 112,Unnamed: 113,Unnamed: 114,Unnamed: 115,Unnamed: 116,Unnamed: 117,Unnamed: 118,Unnamed: 119,Unnamed: 120,Unnamed: 122,Unnamed: 123,Unnamed: 124,Unnamed: 125,Unnamed: 126,Unnamed: 127,Unnamed: 128,Unnamed: 129,Unnamed: 130,Unnamed: 131,Unnamed: 132,Unnamed: 133,Unnamed: 134,Unnamed: 135
,,,,,,,,,,9800,,,,,,,,,,,,,,,,,,,,,,,,,,,,,,,,,,,,,,,,,,,,,,,,,,,,,,,,,,,,,,,,,,,,,,,,,,,,,,,,,,,,,,,,,,,,,,,,,,,,,,,,,,,,,,,,,,,,
,,,,,,,,,,7832.6906621300395,0.7992541491969428,,,,,,,,,,,,,,,,,,,,,,,,,,,,,,,,,,,,,,,,,,,,,,,,,,,,,,,,,,,,,,,,,,,,,,,,,,,,,,,,,,,,,,,,,,,,,,,,,,,,,,,,,,,,,,,,,,,
Captures (kg),,,,,,,,,,,,,,,Filet maillant de fond,,,,,,,,,,,,,,Filet maillant dérivant,,,,,,,,,,,,,,Filet mulet,,,,,,,,,,,,,,Filet sardine,,,,,,,,,,,,,,,,,,,,,,,,,,,,,,,,,,,,,,,,,,,,,,,,,,,,,,,,,,,,,,,,,,,,,
,,,,,,,,,,,,,kg,,,,,,,,,,,,,,,,,,,,,,,,,,,,,,,,,,,,,,,,,,,,,,,,,,,,,,,,,,,,,,,,,,,,,,,,,,,,,,,,,,,,,,,,,,,,,,,,,,,,,,,,,,,,,,,,,
Espèces,Janvier,Février,Mars,Avril,Mai,Juin,Juillet,Août,Septembre,Octobre,Novembre,Décembre,Total,,Espèces,Janvier,Février,Mars,Avril,Mai,Juin,Juillet,Août,Septembre,Octobre,Novembre,Décembre,Total,Espèces,Janvier,Février,Mars,Avril,Mai,Juin,Juillet,Août,Septembre,Octobre,Novembre,Décembre,Total,Espèces,Janvier,Février,Mars,Avril,Mai,Juin,Juillet,Août,Septembre,Octobre,Novembre,Décembre,Total,Espèces,Janvier,Février,Mars,Avril,Mai,Juin,Juillet,Août,Septembre,Octobre,Novembre,Décembre,Total,,,,,,,,,,,,,,,,,,,,,,,,,,,,,,,,,,,,,,,,,,,Espèces,Janvier,Février,Mars,Avril,Mai,Juin,Juillet,Août,Septembre,Octobre,Novembre,Décembre,Total
Banane de Mer,0,0,0,770.5731240222258,0,0,0,0,0,0,0,0,770.5731240222258,,Banane de Mer,0,0,0,0,0,0,0,0,0,0,0,0,0,Banane de Mer,0,0,0,0,0,0,0,0,0,0,0,0,0,Banane de Mer,0,0,0,385.2865620111129,0,0,0,0,0,0,0,0,385.2865620111129,Banane de Mer,0,0,0,385.2865620111129,0,0,0,0,0,0,0,0,385.2865620111129,,,,,,,,,,,,,,,,,,,,,,,,,,,,,,,,,,,,,,,,,,,Banane de Mer,0,0,0,770.5731240222258,0,0,0,0,0,0,0,0,770.5731240222258
Barbillon,197.04479493318493,82.43072615233216,627.4424581722567,444.1823660453313,961.7775150032983,3786.4502696959435,5038.102843071506,4940.810852214892,1790.6746307222106,15.523944649688497,16.64361119248337,1570.9498434959535,19472.033855349084,,Barbillon,0,0,0,0,0,0,24.707075178777192,0,0,0,0,0,24.707075178777192,Barbillon,15.479368960002544,25.68017843466478,2.0209313781597382,24.425189715709593,0,0,0,0,12.120939431396787,15.523944649688497,16.64361119248337,29.10241453097495,140.99657829308026,Barbillon,0,0,12.743593390089073,147.3154501807196,0,0,46.93046771417712,20.986948319586915,519.0219235666468,0,0,0,746.9983831712195,Barbillon,0,0,12.743593390089073,147.3154501807196,0,0,0,0,0,0,0,0,160.05904357080868,,,,,,,,,,,,,,,,,,,,,,,,,,,,,,,,,,,,,,,,,,,Barbillon,15.479368960002544,25.68017843466478,27.508118158337886,319.05609007714884,0,0,71.63754289295431,20.986948319586915,531.1428629980436,15.523944649688497,16.64361119248337,29.10241453097495,1072.7610802138859
Bars,117203.6320406832,280409.66276466404,133085.20775835804,70166.49830902307,71099.32668149841,51076.556256934935,59164.81962182328,34287.48852909836,43324.899251461444,62465.3557957852,44662.417657478,94979.10262594977,1061924.9672927577,,Bars,205.95228556166052,7347.672248313089,0,0,0,0,240.8939829930776,0,9170.980905196739,17067.98852320675,7432.421357701289,14955.573989862774,56421.48329283538,Bars,2676.062630378371,3646.585337722399,2085.3766343299435,3378.8179106731604,12020.876281814832,0,4700.1045544819835,3413.827645822387,1878.745611866502,2431.0497321412186,1976.1514355875254,88.34661554045967,38295.94439035878,Bars,589.7784298235714,103.1594373972831,1420.9106629949315,2345.7152451853044,985.128852134577,0,249.47248627009944,125.92168991752148,1228.9484626980372,0,0,0,7049.035266421326,Bars,589.7784298235714,103.1594373972831,1420.9106629949315,2345.7152451853044,985.128852134577,0,0,0,0,0,0,0,5444.692627535667,,,,,,,,,,,,,,,,,,,,,,,,,,,,,,,,,,,,,,,,,,,Bars,4061.5717755871747,11200.576460830056,4927.197960319807,8070.248401043769,13991.133986083987,0,5190.471023745161,3539.7493357399085,12278.674979761277,19499.03825534797,9408.572793288815,15043.920605403235,107211.15557715116
Bécune,26029.184263224102,45357.52815787862,72167.5500650107,7315.664627832354,17679.18043118933,369910.2765400752,4925.3410966005495,34497.21166628667,31339.85248734009,28383.10921736505,14132.548824401016,21343.05433227299,673080.5017094766,,Bécune,19499.562396978017,16561.686875488314,30764.374418899097,0,0,0,1321.8285220645796,30249.369701726846,18765.924431314983,13804.990717299577,4885.018876231089,9230.790288193897,145083.5462281964,Bécune,119.83166660415763,285.9059865726012,351.6420597997945,545.4959036508476,166.6163039468831,0,502.47828296271206,600.822083552286,615.1376761433869,541.0094710416441,419.41900205058096,305.575352575237,4453.933788900132,Bécune,0,0,286.73085127700415,532.6020121918325,2191.0624469889726,181696,0,0,59.65769236398239,0,0,0,184766.05300282178,Bécune,0,0,286.73085127700415,532.6020121918325,2191.0624469889726,181696,0,0,0,0,0,0,184706.3953104578,,,,,,,,,,,,,,,,,,,,,,,,,,,,,,,,,,,,,,,,,,,Bécune,19619.394063582175,16847.592862060916,31689.478181252896,1610.6999280345126,4548.741197924828,363392,1824.3068050272916,30850.19178527913,19440.719799822353,14346.00018834122,5304.43787828167,9536.365640769134,519009.9283303762
Bossu,52602.95462257416,48873.42504145848,55355.918138468056,112923.54868881401,74349.21370845,36827.564810059324,55518.025896373925,63320.94839413876,91506.79665665745,40271.224282024574,15391.893706422954,50007.326768025014,696948.8407134668,,Bossu,70.02377709096459,0,3319.8965200250823,0,0,0,1210.6466837600824,169.22724308658374,780.9837753817175,8282.994430379747,1243.7317997766272,237.1212184123203,15314.625447913124,Bossu,239.93021888003943,222.13354345985036,413.3927407991198,189.29522029674933,539.0527480634454,0,235.7782712363495,230.19448502364693,18.181409147095177,554.9810212263639,570.3210768624302,139.27584096966584,3352.5365759647557,Bossu,294.8892149117857,1962.373843216499,1924.2826019034499,1314.5070939202674,441.6094854396379,0,195.13194470631538,644.5991269587408,1407.9215397899843,0,0,0,8185.314850846681,Bossu,294.8892149117857,1962.373843216499,1924.2826019034499,1314.5070939202674,441.6094854396379,0,0,0,0,0,0,0,5937.6622393916405,,,,,,,,,,,,,,,,,,,,,,,,,,,,,,,,,,,,,,,,,,,Bossu,899.7324257945754,4146.881229892848,7581.854464631102,2818.309408137284,1422.2717189427212,0,1641.5568997027474,1044.0208550689715,2207.0867243187968,8837.975451606111,1814.0528766390576,376.39705938198614,32790.139114116195
Capitaine,76212.82091793125,67560.4877392866,36644.261136533336,22260.316147114005,18012.52869793757,21826.145590735072,23757.097167034,11834.88005137905,16842.04019243724,76215.89530772199,24357.626327640428,29510.799183823132,425034.8984595737,,Capitaine,32.95236568986569,2118.550808438099,0,0,0,0,500.3182723702381,0,2566.089547682786,9537.99358649789,3431.5009897451514,6554.707966111997,24742.113536536028,Capitaine,204.1675388689991,462.243211823966,724.8407209666261,643.196662513686,558.6546661748433,0,320.8130575838854,88.31360746190228,275.7513720642769,188.61592749371525,537.0338544774635,8.314975580278556,4011.945595009643,Capitaine,804.2433133957791,0,414.16678517789484,0,237.7897229290358,0,44.46044309764148,50.96830306185393,328.1173080019031,0,0,0,1879.745875664108,Capitaine,804.2433133957791,0,414.16678517789484,0,237.7897229290358,0,0,0,0,0,0,0,1456.1998215027097,,,,,,,,,,,,,,,,,,,,,,,,,,,,,,,,,,,,,,,,,,,Capitaine,1845.606531350423,2580.794020262065,1553.1742913224157,643.196662513686,1034.234112032915,0,865.5917730517649,139.2819105237562,3169.958227748966,9726.609513991605,3968.534844222615,6563.022941692276,32090.00482871249
Carangue,819.2290926694088,4176.390154654075,11822.115871512497,939.094251967176,10697.42349397395,3865.5471963112686,2200.6975916882216,880.4578151512814,35.59641858165242,5267.339414741589,15026.590207762702,1579.3841270748135,57309.865636088645,,Carangue,0,0,0,0,0,0,0,0,0,3513.9976371308016,0,0,3513.9976371308016,Carangue,2.935742388966,0,0,0,0,0,0,0,0,0,4.438296317995565,657.9224427895408,665.2964814965023,Carangue,0,0,0,453.2783082483681,0,0,7.410073849606913,26.983219268040315,17.897307709194717,0,0,0,505.56890907521006,Carangue,0,0,0,453.2783082483681,0,0,0,0,0,0,0,0,453.2783082483681,,,,,,,,,,,,,,,,,,,,,,,,,,,,,,,,,,,,,,,,,,,Carangue,2.935742388966,0,0,906.5566164967362,0,0,7.410073849606913,26.983219268040315,17.897307709194717,3513.9976371308016,4.438296317995565,657.9224427895408,5138.141335950882
Carpe,1572.8365137592846,32.30453580636492,2.245479309066376,0,285.717763094308,172.1261507924449,30.88384397347149,60.933839193029456,983.7365154775912,5516.68372845486,105.98116260690858,640.742289254506,9404.191821721835,,Carpe,0,0,0,0,0,0,30.88384397347149,0,490.9040873827938,5270.996455696202,59.93888191694588,270.99567818550895,6123.718947154923,Carpe,11.209198212415636,0,2.245479309066376,0,0,0,0,0,0,3.8809861624221242,15.534037112984478,7.275603632743738,40.145304429632354,Carpe,0,0,0,0,0,0,0,0,0,0,0,0,0,Carpe,0,0,0,0,0,0,0,0,0,0,0,0,0,,,,,,,,,,,,,,,,,,,,,,,,,,,,,,,,,,,,,,,,,,,Carpe,11.209198212415636,0,2.245479309066376,0,0,0,30.88384397347149,0,490.9040873827938,5274.8774418586245,75.47291902993035,278.2712818182527,6163.864251584555
Ceinture,3629.6125136223336,831.6895582503234,3625.7784556026095,0,0,16.86929358778832,126.79205511975798,186.26036593206075,666.0154404581031,0,0,30.740333782432057,9113.758016355408,,Ceinture,0,0,0,0,0,0,0,0,647.1008424591373,0,0,0,647.1008424591373,Ceinture,16.01314030345091,28.676199252042338,0,0,0,0,0,0,0,0,0,0,44.68933955549325,Ceinture,134.04055223262986,28.13439201744084,22.301288432655877,0,0,0,0,0,0,0,0,0,184.47623268272656,Ceinture,134.04055223262986,28.13439201744084,22.301288432655877,0,0,0,0,0,0,0,0,0,184.47623268272656,,,,,,,,,,,,,,,,,,,,,,,,,,,,,,,,,,,,,,,,,,,Ceinture,284.0942447687106,84.94498328692403,44.602576865311754,0,0,0,0,0,647.1008424591373,0,0,0,1060.7426473800838
Crabe,128.13536369321122,99.77702889742146,10.560974068379357,0,217.10719236020745,8.401708145290844,29.53000894878117,0,0,4.926910521996888,0,26.04634380462595,524.4855304399143,,Crabe,0,0,0,0,0,0,0,0,0,0,0,0,0,Crabe,0,0,0,0,0,0,0,0,0,0,0,0,0,Crabe,0,0,0,0,0,0,0,0,0,0,0,0,0,Crabe,0,0,0,0,0,0,0,0,0,0,0,0,0,,,,,,,,,,,,,,,,,,,,,,,,,,,,,,,,,,,,,,,,,,,Crabe,0,0,0,0,0,0,0,0,0,0,0,0,0
Crevette,0,0,0,0,0,0,0,63.307884875874755,914.8667083042976,0,0,0,978.1745931801723,,Crevette,0,0,0,0,0,0,0,0,914.8667083042976,0,0,0,914.8667083042976,Crevette,0,0,0,0,0,0,0,0,0,0,0,0,0,Crevette,0,0,0,0,0,0,0,0,0,0,0,0,0,Crevette,0,0,0,0,0,0,0,0,0,0,0,0,0,,,,,,,,,,,,,,,,,,,,,,,,,,,,,,,,,,,,,,,,,,,Crevette,0,0,0,0,0,0,0,0,914.8667083042976,0,0,0,914.8667083042976
Disque,4167.362666778534,170.5687060473152,311.34095079857,1190.441536684819,2073.986251693484,432.81982470638206,186.57457263172535,490.5562335100247,3388.015614403438,649.9104133038502,2269.9494456244443,1058.4418782284426,16389.96809441103,,Disque,0,0,0,0,0,0,92.65153192041447,0,847.9252418430075,0,0,0,940.5767737634219,Disque,0.8006570151725454,0,6.062794134479216,10.177162381545664,0,0,0,0,0,7.7619723248442485,0,18.70869505562675,43.51128091166842,Disque,0,0,0,0,0,0,19.7601969322851,8.994406422680106,0,0,0,0,28.754603354965205,Disque,0,0,0,0,0,0,0,0,0,0,0,0,0,,,,,,,,,,,,,,,,,,,,,,,,,,,,,,,,,,,,,,,,,,,Disque,0.8006570151725454,0,6.062794134479216,10.177162381545664,0,0,112.41172885269957,8.994406422680106,847.9252418430075,7.7619723248442485,0,18.70869505562675,1012.8426580300556
Divers,3883.2772505707,72.98727386933429,13.248327923491619,17050.70909041583,2969.399802515094,1533.795706753183,1413.5957774415967,117.76392436572971,6197.386585577364,0,0,46.76407296136966,33298.92781239369,,Divers,82.38091422466421,0,0,0,0,0,1062.4042326874192,0,2789.2277692204193,0,0,0,3934.0129161325026,Divers,16.54691164689927,61.63242824319548,13.248327923491619,71.24013667081964,0,0,0,0,0,0,0,15.590579213022295,178.25838369742831,Divers,0,0,0,1926.4328100555642,0,0,0,0,0,0,0,0,1926.4328100555642,Divers,0,0,0,1926.4328100555642,0,0,0,0,0,0,0,0,1926.4328100555642,,,,,,,,,,,,,,,,,,,,,,,,,,,,,,,,,,,,,,,,,,,Divers,98.92782587156348,61.63242824319548,13.248327923491619,3924.105756781948,0,0,1062.4042326874192,0,2789.2277692204193,0,0,15.590579213022295,7965.136919941059
Dorade Grise,544.7928053781274,509.64000608782857,417.23185139914244,2080.053886157047,3809.4171482848287,392.49553950734673,535.9829381076146,1033.1846720024928,3080.727292683615,12347.806400801313,4273.567474998298,8158.268940654805,37183.16895606246,,Dorade Grise,0,0,0,0,0,0,123.53537589388596,0,1271.8878627645115,9035.993924050634,1573.3956503198294,1050.1082529688472,13054.921065997707,Dorade Grise,32.56005195035018,31.672220069419897,42.664106872261144,0,0,0,38.65217561251631,144.77640567524963,63.634932014833126,53.557609041425316,43.27338910045677,1.0393719475348195,451.8302622840472,Dorade Grise,0,0,0,0,0,0,9.88009846614255,0,0,0,0,0,9.88009846614255,Dorade Grise,0,0,0,0,0,0,0,0,0,0,0,0,0,,,,,,,,,,,,,,,,,,,,,,,,,,,,,,,,,,,,,,,,,,,Dorade Grise,32.56005195035018,31.672220069419897,42.664106872261144,0,0,0,172.0676499725448,144.77640567524963,1335.5227947793446,9089.551533092059,1616.6690394202863,1051.147624916382,13516.6314267479
Dorade Rose,8358.313899685158,15375.330497650843,3924.5881502299617,1764.8533924126941,5969.793198475882,3866.0771568342125,1369.965316305149,144.54348143911446,3557.664782835325,827.4220222393008,7048.572392048475,34568.53118313691,86775.65547329301,,Dorade Rose,0,0,0,0,0,0,0,0,0,0,0,643.6147356905836,643.6147356905836,Dorade Rose,22.15151075310709,0,6.287342065385853,0,0,0,0,0,0,8.538169557328674,0,0,36.97702237582162,Dorade Rose,0,0,0,0,0,0,0,0,0,0,0,0,0,Dorade Rose,0,0,0,0,0,0,0,0,0,0,0,0,0,,,,,,,,,,,,,,,,,,,,,,,,,,,,,,,,,,,,,,,,,,,Dorade Rose,22.15151075310709,0,6.287342065385853,0,0,0,0,0,0,8.538169557328674,0,643.6147356905836,680.5917580664053
Langouste,0,0,4.950456594552823,0,0,0,0,0,0,19.70764208798755,1.6851116050868553,4.927686665740044,31.270896953367274,,Langouste,0,0,0,0,0,0,0,0,0,0,0,0,0,Langouste,0,0,0,0,0,0,0,0,0,0,0,0,0,Langouste,0,0,0,0,0,0,0,0,0,0,0,0,0,Langouste,0,0,0,0,0,0,0,0,0,0,0,0,0,,,,,,,,,,,,,,,,,,,,,,,,,,,,,,,,,,,,,,,,,,,Langouste,0,0,0,0,0,0,0,0,0,0,0,0,0
Machoiron de mer,16537.390863721383,7835.594775786474,4450.8978862306285,4211.417856088368,6118.93111560175,3674.4061372904544,2416.2591290631303,3082.694531372642,5160.241703457863,16882.251657008284,12320.082666575818,7377.584609499663,90067.75293169646,,Machoiron de mer,0,470.78906854179974,0,0,0,0,926.5153192041446,846.1362154329187,1584.2813729171983,11294.99240506329,884.0985082749518,2422.023873782986,18428.83676321729,Machoiron de mer,34.69513732414364,66.76846393012843,7.634629650825678,0,0,0,0,469.0755543878089,257.5699629171817,241.39733930265612,100.97124123439912,12.472463370417836,1190.5847921175614,Machoiron de mer,0,0,0,0,169.84980209216843,0,121.03120621024625,392.7557471236979,477.26153891185913,0,0,0,1160.8982943379717,Machoiron de mer,0,0,0,0,169.84980209216843,0,0,0,0,0,0,0,169.84980209216843,,,,,,,,,,,,,,,,,,,,,,,,,,,,,,,,,,,,,,,,,,,Machoiron de mer,34.69513732414364,537.5575324719282,7.634629650825678,0,339.69960418433686,0,1047.5465254143908,1707.9675169444254,2319.112874746239,11536.389744365946,985.0697495093509,2434.4963371534036,20950.16965176499
Maquéreau,12840.107767553563,10276.759965306606,26228.23919819673,2113.506453632761,4687.547273991836,218753.02450123464,1515.0519950509283,22496.955053292688,15578.204785010485,13891.70536090413,4362.09272622081,5453.4841859253565,338196.6792663204,,Maquéreau,10248.185729548228,10113.558025996163,25762.39699539464,0,0,0,537.3788851384039,21238.01900736626,12919.703027028983,13553.99088607595,3131.8065801604225,3726.1905750507476,101231.22971175979,Maquéreau,12.009855227588181,26.96418735639802,2.9191231017862886,154.6928681994941,0,0,30.921740490013047,214.26908039936947,39.393053152039556,48.90042564651876,450.48707627654994,1268.03377599248,2248.5911858422373,Maquéreau,0,0,159.2949173761134,566.5978853104601,2157.0924865705388,108799.99999999999,180.31179700710155,35.97762569072042,113.34961549156654,0,0,0,112012.62432744648,Maquéreau,0,0,159.2949173761134,566.5978853104601,2157.0924865705388,108799.99999999999,0,0,0,0,0,0,111682.98528925709,,,,,,,,,,,,,,,,,,,,,,,,,,,,,,,,,,,,,,,,,,,Maquéreau,10260.195584775816,10140.52221335256,26083.90595324865,1287.8886388204144,4314.1849731410775,217599.99999999997,748.6124226355184,21488.26571345635,13072.44569567259,13602.89131172247,3582.2936564369725,4994.224351043227,327175.43051430566
Merou,10072.926673790804,6142.594227360508,2813.8906631188256,1141.2663782179923,1068.4750039349678,46.02674896985418,5.985726666724497,0,2467.316998309571,762.9222149346592,5103.211727899312,8302.951275001018,37927.56763820424,,Merou,0,0,0,0,0,0,0,0,0,0,0,0,0,Merou,0,0,0,0,0,0,0,0,0,0,0,0,0,Merou,0,0,0,0,0,0,0,0,0,0,0,0,0,Merou,0,0,0,0,0,0,0,0,0,0,0,0,0,,,,,,,,,,,,,,,,,,,,,,,,,,,,,,,,,,,,,,,,,,,Merou,0,0,0,0,0,0,0,0,0,0,0,0,0
Mulet,41740.598281053804,47008.724450534,90176.95169166123,244373.93562918028,90257.76314415297,47091.61250394008,97254.2778076925,68725.76429315549,94789.98419390853,207481.00115684394,76509.7938247904,114022.15968196547,1219432.5666588787,,Mulet,193.5951484279609,0,0,0,0,0,32292.14725866179,0,14236.21853410102,0,0,11144.697265379054,57866.65820656983,Mulet,0,1.2840089217332389,0,0,0,0,0,17.37316868102996,3639.312064276885,706.3394815608266,2332.32471510667,2361.45306479911,9058.086503346254,Mulet,0,180.52901544524542,1382.6798828246644,3195.612073150995,0,0,0,0,0,0,0,0,4758.820971420905,Mulet,0,180.52901544524542,1382.6798828246644,3195.612073150995,0,0,0,0,0,0,0,0,4758.820971420905,,,,,,,,,,,,,,,,,,,,,,,,,,,,,,,,,,,,,,,,,,,Mulet,193.5951484279609,362.3420398122241,2765.359765649329,6391.22414630199,0,0,32292.14725866179,17.37316868102996,17875.530598377907,706.3394815608266,2332.32471510667,13506.150330178165,76442.38665275788
Raie,57.94699670862624,0,0,0,0,0,92.1570572210727,0,0,0,0,10.55932856944295,160.6633824991419,,Raie,0,0,0,0,0,0,0,0,0,0,0,0,0,Raie,0,0,0,0,0,0,0,0,0,0,0,0,0,Raie,0,0,0,0,0,0,0,0,0,0,0,0,0,Raie,0,0,0,0,0,0,0,0,0,0,0,0,0,,,,,,,,,,,,,,,,,,,,,,,,,,,,,,,,,,,,,,,,,,,Raie,0,0,0,0,0,0,0,0,0,0,0,0,0
Requin,0,0,0,0,0,0,0,0,0,0,0,0,0,,Requin,0,0,0,0,0,0,0,0,0,0,0,0,0,Requin,0,0,0,0,0,0,0,0,0,0,0,0,0,Requin,0,0,0,0,0,0,0,0,0,0,0,0,0,Requin,0,0,0,0,0,0,0,0,0,0,0,0,0,,,,,,,,,,,,,,,,,,,,,,,,,,,,,,,,,,,,,,,,,,,Requin,0,0,0,0,0,0,0,0,0,0,0,0,0
Rouge,19795.0683300772,36463.921859947244,7693.637789257724,2254.7812929521665,4463.951623370505,1355.7673171201714,1198.3154888585586,2781.1307490633226,9823.639178866817,7359.927645252199,23219.484847991036,64356.16626312126,180765.79238587822,,Rouge,0,0,0,0,0,0,0,0,0,0,0,0,0,Rouge,4.003285075862728,0,0,0,0,0,0,0,0,0,0,0,4.003285075862728,Rouge,0,0,0,0,0,0,0,0,0,0,0,0,0,Rouge,0,0,0,0,0,0,0,0,0,0,0,0,0,,,,,,,,,,,,,,,,,,,,,,,,,,,,,,,,,,,,,,,,,,,Rouge,4.003285075862728,0,0,0,0,0,0,0,0,0,0,0,4.003285075862728
Sardine,1287097.2004813314,1263776.695025429,1796294.5535232772,413342.0899076053,1054472.9438986427,422447.7761229561,1183183.9850972441,1372318.609266348,1454560.368524045,238.09416373779163,484.9850560063215,1179743.6867672962,11427960.987833919,,Sardine,0,0,0,0,0,0,1142.702227018445,3384.5448617316747,1561.967550763435,0,0,0,6089.214639513554,Sardine,0,0,0,0,0,0,0,7.238820283762482,0,57.43859520384744,6.657444476993349,38.45676205878833,109.7916220233916,Sardine,116950.38182296955,69041.79801079983,68238.75670557945,59152.81922641203,134860.74286118173,0,57563.92368836304,57159.45281613207,70813.68083604709,0,0,0,633781.5559674848,Sardine,116950.38182296955,69041.79801079983,68238.75670557945,59152.81922641203,134860.74286118173,0,0,0,0,0,0,0,448244.49862694263,,,,,,,,,,,,,,,,,,,,,,,,,,,,,,,,,,,,,,,,,,,Sardine,233900.7636459391,138083.59602159966,136477.5134111589,118305.63845282406,269721.48572236346,0,58706.62591538148,60551.23649814751,72375.64838681053,57.43859520384744,6.657444476993349,38.45676205878833,1088225.0608559647
Sole,1374.2666999434311,1055.1784151367158,38.28353099787517,31.281568992045624,7991.688813105753,2744.039963749453,156.80574511250268,743.687235840258,1576.4950260879855,196.69492653128808,527.061090289801,579.2906327602102,17014.77364854732,,Sole,0,0,0,0,0,0,18.53030638408289,0,0,0,0,0,18.53030638408289,Sole,18.681997020692723,17.12011895644319,0,0,0,0,0,0,0,0,0,0,35.80211597713591,Sole,0,0,0,0,0,0,0,0,0,0,0,0,0,Sole,0,0,0,0,0,0,0,0,0,0,0,0,0,,,,,,,,,,,,,,,,,,,,,,,,,,,,,,,,,,,,,,,,,,,Sole,18.681997020692723,17.12011895644319,0,0,0,0,18.53030638408289,0,0,0,0,0,54.3324223612188
Thon,34153.98389161832,8124.076020795218,101378.6949701311,5739.310473517854,12907.17451377572,227466.02973008362,4415.413742960103,15213.008146243965,23784.645153004716,14283.923563199403,11258.030065110364,23185.63226493862,481909.922535379,,Thon,20751.752293192916,7103.870766389658,21535.062093229368,0,0,0,1000.6365447404762,10449.782260596545,8345.369485507495,7780.99476793249,2457.4941585947813,6639.394115544968,86064.3564857287,Thon,16.54691164689927,78.32454422572759,0,276.81881677804205,0,0,315.0152312420079,324.2991487125592,554.532978986403,213.45423893321683,470.4594097075299,933.356008886268,3182.807289118654,Thon,0,0,127.43593390089072,0,1358.7984167373475,110976,44.46044309764148,23.98508379381361,71.58923083677887,0,0,0,112602.26910836647,Thon,0,0,127.43593390089072,0,1358.7984167373475,110976,0,0,0,0,0,0,112462.23435063823,,,,,,,,,,,,,,,,,,,,,,,,,,,,,,,,,,,,,,,,,,,Thon,20768.299204839816,7182.195310615385,21789.93396103115,276.81881677804205,2717.596833474695,221952,1360.1122190801257,10798.066493102919,8971.491695330677,7994.449006865706,2927.9535683023114,7572.750124431236,314311.6672338521
Turbo,4509.000338757036,126.09707962157077,350.88836342190416,2100.841444747732,804.6700669948631,238.53545299456175,0,1798.881284536021,1968.2028230002052,492.3625914982223,3174.075774343593,1797.4764782379336,17361.031698153645,,Turbo,0,0,0,0,0,0,0,0,0,0,0,0,0,Turbo,2.668856717241818,2.1400148695553987,0,30.53148714463699,0,0,0,0,0,0,13.314888953986697,0,48.6552476854209,Turbo,0,0,0,0,0,0,0,1798.881284536021,477.26153891185913,0,0,0,2276.14282344788,Turbo,0,0,0,0,0,0,0,0,0,0,0,0,0,,,,,,,,,,,,,,,,,,,,,,,,,,,,,,,,,,,,,,,,,,,Turbo,2.668856717241818,2.1400148695553987,0,30.53148714463699,0,0,0,1798.881284536021,477.26153891185913,0,13.314888953986697,0,2324.7980711333007
Efforts (jr),5524.404181286726,7255.081170317737,5888.436774258728,3387.903599321664,2122.8246269887463,3417.5414169722544,4039.6106271479543,3463.4965864414144,3305.071219111728,4279.4116599830195,934.544554030144,4545.282720816071,48163.60913667618,,Efforts (jr),1081,439.32631578947377,779.3454545454542,0,0,0,564,477.2307692307693,464.47058823529414,2256,483.42857142857144,515.657142857143,7060.458842086706,Efforts (jr),60.672000000000004,72.34449760765548,75.51020408163265,50,78,0,67.6923076923077,39.60000000000001,46.5,39.040000000000006,42.14285714285715,50.34965034965035,621.8515168741033,Efforts (jr),231.20000000000002,202.7857142857142,176.55272727272728,122.4,234.2222222222222,408,172.5257142857143,145.29914529914524,108.0474308300395,0,0,0,1801.0329541955625,Efforts (jr),231.20000000000002,202.7857142857142,176.55272727272728,122.4,234.2222222222222,408,0,0,0,0,0,0,1375.1606637806635,,,,,,,,,,,,,,,,,,,,,,,,,,,,,,,,,,,,,,,,,,,Efforts (jr),1604.0720000000001,917.2422419685577,1207.9611131725414,294.8,546.4444444444443,816,804.2180219780221,662.1299145299146,619.0180190653336,2295.04,525.5714285714286,566.0067932067933,10858.503976937036
Captures (kg),1723527.6870700582,1844361.8640106206,2347438.477690274,912214.3664254231,1390898.0173380475,1417532.3445224774,1444535.6605189894,1639019.07826944,1813337.3709626312,493573.7883596073,264246.2937010082,1648354.0710964457,16939039.019965023,,Captures (kg),51084.40491071428,43716.12779316712,81381.73002754818,0,0,0,40525.78006198929,66337.07928994083,76893.43114186852,99144.93333333333,25099.40680272109,56875.21795918368,541058.1113204664,Captures (kg),3446.2946789743596,4957.130443838125,3658.3348903309397,5324.691358024691,13285.200000000004,0,6143.763313609467,5510.190000000001,7354.38,5072.4489142857165,6957.029478458049,5884.923966942149,67594.3870444635,Captures (kg),118773.33333333331,71315.9946988763,73989.30322285715,70020.16666666666,142402.07407407401,401472,58482.772845714295,60289.506251224746,75514.70699432891,0,0,0,1072259.8580870754,Captures (kg),118773.33333333331,71315.9946988763,73989.30322285715,70020.16666666666,142402.07407407401,401472,0,0,0,0,0,0,877972.8719958074,,,,,,,,,,,,,,,,,,,,,,,,,,,,,,,,,,,,,,,,,,,Captures (kg),292077.36625635525,191305.24763475783,233018.67136359343,145365.024691358,298089.34814814804,802944,105152.31622131306,132136.77554116558,159762.51813619744,104217.38224761905,32056.436281179136,62760.141926125834,2558885.2284478117
CPUE (kg/jr),86.2524672303414,72.7647126814702,115.67380113729446,68.26023225629714,136.50184920595643,68.15744927498704,97.5498321448022,105.16720828994448,111.98158182631663,34.29937364296602,30.432935781869936,84.86873246521385,84.3258479947883,,CPUE (kg/jr),45.287593005952374,46.022076023391804,49.6010101010101,0,0,0,58.38155372405372,47.7826923076923,72.42843137254903,21.97361111111111,19.46984126984127,44.118630952380954,33.75545332233188,CPUE (kg/jr),29.915752421652428,32.7032911225432,26.67535857532977,33.279320987654316,46.12916666666667,0,27.732264957264956,38.265208333333334,51.07208333333333,44.03167460317461,50.728339947089935,44.9542803030303,35.45722843758941,CPUE (kg/jr),181.94444444444443,152.94484157234507,188.90242857142857,171.61805555555554,261.7685185185185,123,149.31263492063493,166.23944738389181,177.3731884057971,0,0,0,131.0919632810513,CPUE (kg/jr),181.94444444444443,152.94484157234507,188.90242857142857,171.61805555555554,261.7685185185185,123,0,0,0,0,0,0,90.01485738852433,,,,,,,,,,,,,,,,,,,,,,,,,,,,,,,,,,,,,,,,,,,CPUE (kg/jr),109.77305857912341,96.15376257265629,113.52030645479925,94.12885802469135,142.4165509259259,61.5,58.8566134004884,63.07183700622936,75.21842577791986,16.50132142857143,17.5495453042328,22.268227813852814,72.57987560737423
Nbre débarq.,2076,2349,1630,427,802,2000,2418,1752,1631,692,794,2378,18949,,Nbre débarq.,69,37,19,0,0,0,91,22,28,4,21,32,323,Nbre débarq.,158,126,185,30,13,0,33,33,31,61,59,60,789,Nbre débarq.,34,167,119,36,31,3,148,125,67,0,0,0,730,Nbre débarq.,34,167,119,36,31,3,0,0,0,0,0,0,390,,,,,,,,,,,,,,,,,,,,,,,,,,,,,,,,,,,,,,,,,,,Nbre débarq.,295,497,442,102,75,6,272,180,126,65,80,92,2232
Taux échant.,0.2454518131942831,0.27656334414739847,0.2590866551377172,0.09271002798582435,0.09385264441693991,0.14464679987569376,0.21024092982896606,0.1505594822233093,0.12808700367276496,0.14773816017980118,0.18455157311076412,0.1781258331105472,0.17596785557366748,,Taux échant.,0.09175531914893617,0.04920212765957447,0.02526595744680851,0,0,0,0.12101063829787234,0.02925531914893617,0.03723404255319149,0.005319148936170213,0.027925531914893616,0.0425531914893617,0.42952127659574474,Taux échant.,0.65,0.63,0.7,0.25,0.10833333333333334,0,0.275,0.275,0.25833333333333336,0.5083333333333333,0.49166666666666664,0.5,0.3872222222222222,Taux échant.,0.08333333333333333,0.40931372549019607,0.2916666666666667,0.08823529411764706,0.07598039215686274,0.007352941176470588,0.3627450980392157,0.30637254901960786,0.1642156862745098,0,0,0,1.7892156862745099,Taux échant.,0.08333333333333333,0.40931372549019607,0.2916666666666667,0.08823529411764706,0.07598039215686274,0.007352941176470588,0,0,0,0,0,0,0.07965686274509803,,,,,,,,,,,,,,,,,,,,,,,,,,,,,,,,,,,,,,,,,,,Taux échant.,0.22710549645390074,0.3744573946599916,0.32714982269503545,0.10661764705882354,0.06507352941176471,0.003676470588235294,0.189688934084272,0.15265696704213602,0.11494576554025865,0.1284131205673759,0.12989804964539006,0.1356382978723404,0.1629434579682937
Captures (Tonnes),1723.5276870700582,1844.3618640106206,2347.438477690274,912.2143664254231,1390.8980173380476,1417.5323445224774,1444.5356605189895,1639.01907826944,1813.3373709626312,493.5737883596073,264.2462937010082,1648.3540710964458,16939.03901996502,,,,,,,,,,,,,,,,,,,,,,,,,,,,,,,,,,,,,,,,,,,,,,,,,,,,,,,,,,,,,,,,,,,,,,,,,,,,,,,,,,,,,,,,,,,,,,,,,,,,,,,,,,,,,,,,,
,9635.972757056901,,,,,,,,,,,,,,,,,,,,,,,,,,,,,,,,,,,,,,,,,,,,,,,,,,,,,,,,,1202127.449487731,1231151.9131383025,1784842.1231840563,488518.83333333326,1015988.7064536519,866062.6623450539,990626.1685297047,1289021.8028816981,1251280.4914923045,0,0,1119691.887582539,11239312.038428375,,,,,,,,,,,,,,,,,,,,,,,,,,,,,,,,,,,,,,,,,,,,,,,,,,,,,,,,
Valeurs (f.cfa),0.5688618312821384,,,,,,,,,,,,,,,,,,,,,,,,,,,,,,,,,,,,,,,,,,,,,,,,,,,,,,,,,0.6974807880988029,0.6675218877390608,0.7603360599849348,0.5355307385122963,0.7304552122362565,0.6109650095051647,0.685774810276262,0.7864593035992682,0.6900428522178682,0,0,0.679278746730517,0.6635153284186475,,,,,,,,,,,,,,,,,,,,,,,,,,,,,,,,,,,,,,,,,,,,,,,,,,,,,,,,
,,,,,,,,,,,,,f.cfa,,,,,,,,,,,,,,,,,,,,,,,,,,,,,,,,,,,,,,,,,,,,,,,,,,,,,0.684384540890043,,,,,,,,,,,,,,,,,,,,,,,,,,,,,,,,,,,,,,,,,,,,,,,,,,,,,,,,,,,,
Espèces,Janvier,Février,Mars,Avril,Mai,Juin,Juillet,Août,Septembre,Octobre,Novembre,Décembre,Total,,Filet maillant de fond,,,,,,,,,,,,,,Filet maillant dérivant,,,,,,,,,,,,,,Filet mulet,,,,,,,,,,,,,,Filet sardine,,,,,,,,,,,,,,Ligne à main,,,,,,,,,,,,,,Ligne de fond,,,,,,,,,,,,,,Senne Tournante,,,,,,,,,,,,,,,,,,,,,,,,,,,
Banane de Mer,0,0,0,1155859.6860333388,0,0,0,0,0,0,0,0,1155859.6860333388,,,,,,,,,,,,,,,,,,,,,,,,,,,,,,,,,,,,,,,,,,,,,,,,,,,,,,,,,,,,,,,,,,,,,,,,,,,,,,,,,,,,,,,,,,,,,,,,,,,,,,,,,,,,,,,,,
Barbillon,157635.83594654794,65944.58092186572,501953.96653780533,355345.89283626503,769422.0120026387,3029160.215756755,4030482.2744572046,3952648.681771914,1432539.7045777685,12419.155719750797,13314.888953986696,1256759.8747967628,15577627.084279267,,Espèces,Janvier,Février,Mars,Avril,Mai,Juin,Juillet,Août,Septembre,Octobre,Novembre,Décembre,Total,Espèces,Janvier,Février,Mars,Avril,Mai,Juin,Juillet,Août,Septembre,Octobre,Novembre,Décembre,Total,Espèces,Janvier,Février,Mars,Avril,Mai,Juin,Juillet,Août,Septembre,Octobre,Novembre,Décembre,Total,Espèces,Janvier,Février,Mars,Avril,Mai,Juin,Juillet,Août,Septembre,Octobre,Novembre,Décembre,Total,Espèces,Janvier,Février,Mars,Avril,Mai,Juin,Juillet,Août,Septembre,Octobre,Novembre,Décembre,Total,Espèces,Janvier,Février,Mars,Avril,Mai,Juin,Juillet,Août,Septembre,Octobre,Novembre,Décembre,Total,Espèces,Janvier,Février,Mars,Avril,Mai,Juin,Juillet,Août,Septembre,Octobre,Novembre,Décembre,Total,Espèces,Janvier,Février,Mars,Avril,Mai,Juin,Juillet,Août,Septembre,Octobre,Novembre,Décembre,Total
Bars,234407264.0813664,560819325.5293281,266170415.5167161,140332996.61804613,142198653.36299682,102153112.51386987,118329639.24364655,68574977.05819672,86649798.5029229,124930711.5915704,89324835.314956,189958205.25189954,2123849934.5855155,,Banane de Mer,0,0,0,0,0,0,0,0,0,0,0,0,0,Banane de Mer,0,0,0,0,0,0,0,0,0,0,0,0,0,Banane de Mer,0,0,0,0,0,0,0,0,0,0,0,0,0,Banane de Mer,0,0,0,0,0,0,0,0,0,0,0,0,0,Banane de Mer,0,0,0,0,0,0,0,0,0,0,0,0,0,Banane de Mer,0,0,0,0,0,0,0,0,0,0,0,0,0,Banane de Mer,0,0,0,0,0,0,0,0,0,0,0,0,0,Banane de Mer,0,0,0,0,0,0,0,0,0,0,0,0,0
Bécune,52058368.526448205,90715056.31575724,144335100.1300214,14631329.255664708,35358360.86237866,739820553.0801504,9850682.193201099,68994423.33257334,62679704.97468018,56766218.4347301,28265097.64880203,42686108.66454598,1346161003.4189534,,Barbillon,0,0,0,125.1262759681825,66.21500882834484,46.155022450777615,979.646328618296,406.7531603274953,768.68670746851,0,0,696.78089906846,3089.363402730067,Barbillon,4.380462766762431,1.5518289022389706,0,0,0,0,0,26.777545267977363,0,0,0,3.1677985708328853,35.87763550781165,Barbillon,0,0,0,0,0,206.82475760839102,0,0,0,0,0,0,206.82475760839102,Barbillon,76.6918255433952,55.1987188154284,408.7825881992778,0,117.47908865055575,3428.2153302294264,3157.793995777223,3467.681822108875,169.2968942732389,0,0,335.23233323159303,11216.372596829015,Barbillon,0,0,0,0,0,0,0,0,0,0,0,0,0,Barbillon,0,0,0,0,0,0,0,0,0,0,0,0,0,Barbillon,100.49313766302475,0,191.151751814641,0,778.0834175243978,105.25515940734824,829.024975783033,1018.6113761909573,321.54816598241814,0,0,506.6663980940925,3850.834382459913,Barbillon,181.56542597318239,56.750547717667374,599.9343400139188,125.1262759681825,961.7775150032983,3786.4502696959435,4966.465300178552,4919.823903895305,1259.531767724167,0,0,1541.8474289649785,18399.272775135196
Bossu,105205909.24514832,97746850.08291696,110711836.27693611,225847097.37762803,148698427.4169,73655129.62011865,111036051.79274786,126641896.78827752,183013593.31331488,80542448.56404915,30783787.41284591,100014653.53605002,1393897681.4269335,,Bars,72302.8765876462,246742.45901639343,105621.93146417446,29414.4068962093,31274.67296980384,32079.628763299796,38959.22204430747,21798.329190173386,22086.38331138131,17511.546443223655,30702.65356503875,67609.77778218468,716103.8880338361,Bars,4587.877678768633,3686.0667613853116,4467.391040056358,5543.278992304223,4709.338411772154,7697.6450027154715,6275.57742415419,2704.5320720657132,3356.224097768446,5114.165967902916,4123.468097647535,4440.901618688725,56706.467165229675,Bars,3135.488178069502,1138.3874348817737,14362.49611925146,26193.936981757877,7442.434554107911,3222.290883208665,1369.5001022363608,1214.948736626831,1502.940543269025,0,267.2397316233815,0,59849.66326503278,Bars,1889.7563012306607,2299.2389414272675,1514.164076697325,944.6270377078872,10487.749840797282,7000.756838932152,5759.498482864117,3495.874357247971,2200.8596255521056,0,0,0,35592.52550245677,Bars,0,0,0,0,0,0,0,0,0,0,0,0,0,Bars,3833.489338261353,0,226.98708920411872,0,701.5363714634138,126.99942328152677,362.13646333683204,507.6826124730857,97.5257129706853,395.83778237187727,160.48346987951808,6412.678263242412,12825.356526484824,Bars,2564.307650711666,2133.319065762253,1965.0400086545094,0,2492.4605474698205,949.2353454973222,1248.4140811791553,1026.3722247714597,1802.2909807585959,0,0,1471.824356430708,15653.26426123549,Bars,88313.79573468801,255999.47121985,128158.00979803824,62096.24990797929,57108.19269541442,51076.556256934935,53974.34859807812,30747.73919335845,31046.224271700165,23021.55019349845,35253.84486418918,79935.18202054653,896731.1647542757
Capitaine,190532052.29482815,168901219.3482165,91610652.84133334,55650790.367785014,45031321.74484393,54565363.97683768,59392742.917585,29587200.128447626,42105100.4810931,190539738.269305,60894065.81910107,73776997.95955783,1062587246.1489341,,Bécune,3236.972762397291,26411.868852459018,36250.49005807469,4810.410164999016,5181.986590906266,3127.6321577099666,1740.1612416246048,2080.4553667334344,1952.5464494520977,6286.512692367033,1452.9201200203343,4001.3667806799067,96533.32323742368,Bécune,291.84833183554696,157.09428923763048,143.7282564618503,319.6158881204198,422.8584069246296,414.3137990603858,584.350712654192,1139.7920355369492,487.0019459544378,253.76873795298636,102.94499987439698,222.44985519626488,4539.76725880969,Bécune,852.5352666447203,697.8007303545576,3304.6937854786097,0,1369.2226931517082,535.996554928788,29.40945101438141,254.84290573148166,8946.749837761838,0,6574.097397935184,0,22565.348623001268,Bécune,191.72956385848798,152.8579905658017,0,0,2999.6327302108575,1885.6121499238945,695.1118858629106,0,62.70255343453292,0,0,72.8765941807811,6060.523468037267,Bécune,0,0,0,0,0,0,0,0,0,0,0,0,0,Bécune,90.4937905839573,580.6401239349341,779.1597837426535,574.9386466784052,3156.7388120710393,324.82245132557375,52.00100041716907,152.52745155441391,336.6443129210322,763.8806599282958,698.148428289429,7509.995461446903,15019.990922893807,Bécune,41.58336730883782,0,0,0,0,229.89942712657643,0,19.402121451256328,113.48758799379465,0,0,0,404.3725038804652,Bécune,4705.163082628842,28000.261986551937,40478.0718837578,5704.964699797842,13130.4392332645,6518.276540075185,3101.034291573258,3647.0198810075353,11899.132687517735,7304.1620902483155,8828.110946119345,11806.688691503856,145123.32601404615
Carangue,1228843.6390041132,6264585.231981112,17733173.807268746,1408641.377950764,16046135.240960926,5798320.7944669025,3301046.3875323324,1320686.722726922,53394.62787247863,7901009.122112384,22539885.31164405,2369076.19061222,85964798.45413296,,Bossu,7827.926622846806,9035.639344262294,0,1153.9423228176831,1651.071245134779,2363.7665361495974,14311.039178090668,7168.351804495299,15122.986079019509,3983.455286173469,5249.645536534376,2612.928371506725,70480.75232703121,Bossu,1752.404129843311,957.648755365837,752.3043871522107,27.902260016144783,3482.9013020859106,6696.96503344548,2946.5245107844444,5987.691970139459,11362.759143585794,2213.1353604108554,1630.8816497958783,2210.419447203391,40021.537949828715,Bossu,2099.9832848311057,1825.1119631672111,4206.473786840493,0,4310.301458991318,2790.6777153357543,1637.6162639841382,2481.7550412804176,5019.254267143726,0,6680.993290584537,0,31052.167072158703,Bossu,17501.4231882098,17360.84627851093,30408.41906094628,9131.39469784291,10455.638889899463,9061.809642169046,21131.401330232486,36523.42927269957,39882.58613756902,0,0,31502.122444545646,222959.07094262514,Bossu,0,0,0,0,0,0,0,0,0,0,0,0,0,Bossu,174.52373898334625,0,11.822244229381182,0,57.703639726551984,118.03934127086691,2.2446475000216863,63.460326559135716,0,83.38471444637608,16.320352869103534,527.4990055847833,1054.9980111695666,Bossu,8042.916293651049,8719.071491328958,12395.044194668579,99792,52969.325453669255,15796.306541688582,13847.643066079412,10052.239123895904,17912.12430502059,0,0,12777.96043980249,252304.63090980484,Bossu,37399.17725836542,37898.31783263523,47774.06367383695,110105.23928067673,72926.94198950728,36827.564810059324,53876.46899667118,62276.92753906979,89299.70993233865,6279.975361030701,13577.840829783896,49630.92970864303,617873.1572126182
Carpe,3145673.027518569,64609.07161272984,4490.958618132752,0,571435.526188616,344252.30158488976,61767.68794694298,121867.6783860589,1967473.0309551824,11033367.45690972,211962.32521381718,1281484.578509012,18808383.643443666,,Capitaine,19807.871311948795,45178.19672131148,31295.387100496137,4351.613819782347,11333.691986103644,14641.212303613042,17157.05238181705,9424.644821471475,10531.83001713941,18899.282302178566,18684.67232536438,19837.762067596155,221143.21715882246,Capitaine,1447.4691654920612,1105.0914258212495,745.6707753155099,237.25921742760536,550.6093413739937,2622.6918263003286,1871.2217400351049,966.3201118444003,1449.853121543746,817.0459948978172,600.0529233750193,833.1310241290489,13246.416667555883,Capitaine,683.8539406093357,100.3011631814752,2474.39634520029,17026.05903814262,631.058239127003,2351.2964814493844,1658.6930372111115,503.7592322599056,1063.4013277846875,0,1015.5109801688496,0,27508.329785134658,Capitaine,34.859920701543274,518.0187458063281,575.6326241989831,0,2717.6829174495233,1963.5857736185603,1310.7824133414886,310.117886530062,608.2147683149694,0,0,126.31942991335391,8165.214479874812,Capitaine,0,0,0,0,0,0,0,0,0,0,0,0,0,Capitaine,105.57608901461685,0,0,2.1874092477492204,1356.2103930882945,67.31748571487064,106.99486416770037,104.65387186945188,18.782729905465317,150.47586400093155,88.8552545095637,2001.053961518644,4002.107923037288,Capitaine,0,64.97418474402801,0,0,389.0417087621989,180.04172003888516,786.7609574097802,386.1022168800009,0,0,0,149.509758973654,1956.4305468085472,Capitaine,22079.63042776635,46966.58224086456,35091.08684521092,21617.11948460032,16978.294585904656,21826.145590735072,22891.505393982236,11695.598140855294,13672.081964688277,19866.804161077314,20389.09148341781,22947.776242130854,276021.7165612337
Ceinture,3629612.5136223338,831689.5582503234,3625778.4556026096,0,0,16869.29358778832,126792.05511975798,186260.36593206075,666015.4404581031,0,0,30740.333782432055,9113758.016355408,,Carangue,0,0,0,0,0,0,0,560.2747811514917,0,1535.5723325385254,657.7004658528261,71.72744549234147,2825.2750250351846,Carangue,9.11683813332431,20.72259326770333,0,32.5376354704398,66.40797473579278,95.70641452461741,80.70861997221725,90.81080569140148,0,217.7694450722624,414.5374548513664,763.087477951744,1791.405259670869,Carangue,738.2288621783891,3353.6278487057657,11822.115871512497,0,10631.015519238157,3680.1212738770046,2112.5788978663977,103.71513605350998,0,0,13949.913990740513,0,46391.31740017224,Carangue,0,42.46055293494492,0,0,0,73.10027221374939,0,98.6738729868379,0,0,0,0,214.2346981355322,Carangue,0,0,0,0,0,0,0,0,0,0,0,0,0,Carangue,68.94764996872937,0,0,0,0,0,0,0,17.699110872457705,0,0,86.64676084118707,173.29352168237415,Carangue,0,759.5791597456607,0,0,0,16.619235695897093,0,0,0,0,0,0,776.1983954415579,Carangue,816.2933502804428,4176.390154654075,11822.115871512497,32.5376354704398,10697.42349397395,3865.5471963112686,2193.287517838615,853.474595883241,17.699110872457705,1753.3417776107879,15022.151911444706,921.4616842852726,52171.72430013775
Crabe,320338.40923302807,249442.57224355364,26402.435170948393,0,542767.9809005186,21004.270363227108,73825.02237195293,0,0,12317.27630499222,0,65115.85951156487,1311213.8260997857,,Carpe,1542.7091919729137,0,0,0,285.717763094308,169.93440084149944,0,60.933839193029456,123.31872312329038,225.8194606674302,29.895475720583008,358.6372274617073,2796.9660820747613,Carpe,18.91812357395525,32.30453580636492,0,0,0,2.1917499509454372,0,0,297.4057685217941,12.153045954258989,0.6127678563952201,0,363.5859916637139,Carpe,0,0,0,0,0,0,0,0,0,0,0,0,0,Carpe,0,0,0,0,0,0,0,0,72.10793644971287,0,0,0,72.10793644971287,Carpe,0,0,0,0,0,0,0,0,0,0,0,0,0,Carpe,0,0,0,0,0,0,0,0,0,3.833779974546027,0,3.833779974546027,7.667559949092054,Carpe,0,0,0,0,0,0,0,0,0,0,0,0,0,Carpe,1561.6273155468689,32.30453580636492,0,0,285.717763094308,172.1261507924449,0,60.933839193029456,492.83242809479736,241.80628659623522,30.508243576978227,362.47100743625333,3240.3275701372804
Crevette,0,0,0,0,0,0,0,189923.65462762426,2744600.124912893,0,0,0,2934523.7795405174,,Ceinture,1158.1042126951438,0,0,0,0,0,0,0,0,0,0,30.740333782432057,1188.844546477576,Ceinture,0,0,0,0,0,0,0,0,0,0,0,0,0,Ceinture,0,0,0,0,0,0,0,0,0,0,0,0,0,Ceinture,721.6003585219456,437.34369522993273,216.9050467996168,0,0,16.86929358778832,0,0,0,0,0,0,1392.7183941392836,Ceinture,0,0,0,0,0,0,0,0,0,0,0,0,0,Ceinture,0,0,0,0,0,0,0,0,0,0,0,0,0,Ceinture,1465.8136976365336,309.4008797334667,3364.270831937681,0,0,0,126.79205511975798,186.26036593206075,18.914597998965775,0,0,0,5471.452428358466,Ceinture,3345.518268853623,746.7445749633994,3581.175878737298,0,0,16.86929358778832,126.79205511975798,186.26036593206075,18.914597998965775,0,0,30.740333782432057,8053.015368975324
Disque,10418406.666946335,426421.765118288,778352.3769964251,2976103.841712048,5184965.6292337105,1082049.561765955,466436.43157931336,1226390.5837750616,8470039.036008595,1624776.0332596255,5674873.614061111,2646104.6955711064,40974920.23602758,,Crabe,0,0,0,0,0,0,29.53000894878117,0,0,0,0,0,29.53000894878117,Crabe,28.911054260632042,14.855923027531613,10.560974068379357,0,0,8.401708145290844,0,0,0,4.926910521996888,0,26.04634380462595,93.7029138284567,Crabe,99.22430943257918,0,0,0,217.10719236020745,0,0,0,0,0,0,0,316.33150179278664,Crabe,0,84.92110586988984,0,0,0,0,0,0,0,0,0,0,84.92110586988984,Crabe,0,0,0,0,0,0,0,0,0,0,0,0,0,Crabe,0,0,0,0,0,0,0,0,0,0,0,0,0,Crabe,0,0,0,0,0,0,0,0,0,0,0,0,0,Crabe,128.13536369321122,99.77702889742146,10.560974068379357,0,217.10719236020745,8.401708145290844,29.53000894878117,0,0,4.926910521996888,0,26.04634380462595,524.4855304399143
Divers,7766554.5011414,145974.54773866857,26496.655846983238,34101418.180831656,5938799.605030188,3067591.413506366,2827191.5548831937,235527.8487314594,12394773.171154728,0,0,93528.14592273932,66597855.62478739,,Crevette,0,0,0,0,0,0,0,63.307884875874755,0,0,0,0,63.307884875874755,Crevette,0,0,0,0,0,0,0,0,0,0,0,0,0,Crevette,0,0,0,0,0,0,0,0,0,0,0,0,0,Crevette,0,0,0,0,0,0,0,0,0,0,0,0,0,Crevette,0,0,0,0,0,0,0,0,0,0,0,0,0,Crevette,0,0,0,0,0,0,0,0,0,0,0,0,0,Crevette,0,0,0,0,0,0,0,0,0,0,0,0,0,Crevette,0,0,0,0,0,0,0,63.307884875874755,0,0,0,0,63.307884875874755
Dorade Grise,1361982.0134453184,1274100.0152195713,1043079.6284978561,5200134.7153926175,9523542.870712072,981238.8487683668,1339957.3452690365,2582961.680006232,7701818.231709037,30869516.002003282,10683918.687495746,20395672.351637013,92957922.39015615,,Disque,3545.8005524493296,0,0,688.1945178250038,1137.2427766268227,203.50168989661043,46.873030077430435,102.87531292329648,814.3146350241274,355.28928478342357,2122.5787761613938,256.16944818693383,9272.840023954373,Disque,140.66761059765855,170.5687060473152,305.27815666409083,492.0698564782695,631.2978445752165,201.20264549679112,17.563007868168032,44.939706406257656,122.67987951524006,279.1915962464903,147.37066946305043,545.2133318022377,3098.0430111607866,Disque,123.03814369639818,0,0,0,0,0,0,330.40679057046754,1460.4044901576376,0,0,0,1913.8494244245035,Disque,139.4396828061731,0,0,0,305.445630491445,28.115489312980532,0,0,94.0538301517994,0,0,0,567.054632762398,Disque,0,0,0,0,0,0,0,0,0,0,0,0,0,Disque,217.61602021380207,0,0,0,0,0,9.726805833427308,3.3400171873229323,0,7.667559949092054,0,238.35040318364437,476.70080636728875,Disque,0,0,0,0,0,0,0,0,48.63753771162627,0,0,0,48.63753771162627,Disque,4166.562009763361,170.5687060473152,305.27815666409083,1180.2643743032734,2073.986251693484,432.81982470638206,74.16284377902578,481.56182708734457,2540.0903725604308,642.148440979006,2269.9494456244443,1039.7331831728159,15377.125436380975
Dorade Rose,16716627.799370315,30750660.995301686,7849176.300459923,3529706.7848253883,11939586.396951763,7732154.313668425,2739930.6326102978,289086.9628782289,7115329.5656706495,1654844.0444786015,14097144.78409695,69137062.36627382,173551310.94658604,,Divers,142.97582872779554,0,0,3663.419301957343,1215.0454120001277,679.7376033659978,8.202780263550325,63.307884875874755,797.4610761972777,0,0,0,6570.149887387967,Divers,20.259640296276242,11.354845626138813,0,10.080816521961985,0,124.92974720388993,0,0,304.8409127348389,0,0,0,471.4659623831059,Divers,91.28636467797286,0,0,4677.488746742478,0,0,0,0,2013.3731806056753,0,0,0,6782.148292026126,Divers,379.9731356468216,0,0,4775.614468412096,1754.354390514966,729.1283561832951,0,0,43.89178740417305,0,0,0,7682.962138161352,Divers,0,0,0,0,0,0,0,0,0,0,0,0,0,Divers,0,0,0,0,0,0,0,31.17349374834737,0,0,0,31.17349374834737,62.34698749669474,Divers,0,0,0,0,0,0,342.9887644906273,23.282545741507594,248.59185941497873,0,0,0,614.8631696471136,Divers,634.4949693488663,11.354845626138813,0,13126.60333363388,2969.399802515094,1533.795706753183,351.19154475417764,117.76392436572971,3408.158816356944,0,0,31.17349374834737,22183.93643710236
Langouste,0,0,14851.369783658469,0,0,0,0,0,0,59122.926263962654,5055.334815260566,14783.059997220133,93812.69086010181,,Dorade Grise,0,0,0,778.5634949131356,1983.139514408928,303.3643748355656,269.28555779483787,96.54452443570901,953.6647921534455,2830.2705736984585,2325.8680110613577,4964.563905862778,14505.264749164216,Dorade Grise,109.31992392301493,207.83152444376074,354.61770738980056,1035.9389085671562,1157.0041954232877,89.13116467178112,85.27703242347482,168.81495929811814,516.7425228066172,427.9842940107963,229.48156222000992,488.54493514622726,4870.6887303240455,Dorade Grise,0,270.1362615746479,0,0,231.58100518422125,0,0,222.24672011466424,0,0,0,0,723.9639868735335,Dorade Grise,0,0,0,0,70.48745319033345,0,0,0,188.1076603035988,0,0,0,258.5951134939323,Dorade Grise,0,0,0,0,0,0,0,0,0,0,0,0,0,Dorade Grise,402.91282950476227,0,19.95003713708075,265.5514826767554,367.2049800780581,0,9.352697916757025,400.80206247875185,86.68952264060917,0,101.54886229664422,1654.0124747294187,3308.0249494588375,Dorade Grise,0,0,0,0,0,0,0,0,0,0,0,0,0,Dorade Grise,512.2327534277772,477.9677860184087,374.5677445268813,2080.053886157047,3809.4171482848287,392.49553950734673,363.9152881350698,888.4082663272432,1745.2044979042705,3258.254867709255,2656.8984355780117,7107.121315738424,23666.537529314563
Machoiron de mer,16537390.863721382,7835594.775786474,4450897.886230629,4211417.856088368,6118931.11560175,3674406.1372904545,2416259.1290631304,3082694.5313726417,5160241.703457863,16882251.657008283,12320082.666575817,7377584.609499663,90067752.93169646,,Dorade Rose,4563.7884529912335,0,0,0,198.64502648503452,308.8190593070212,187.49212030972174,0,0,430.5624383392336,5901.366907243086,0,11590.67400467533,Dorade Rose,732.5228861718473,627.0713497035159,1184.7762752523454,390.76665116158904,14.772960481479323,555.9739042231593,360.092421435792,46.56964394430845,929.3930266306064,28.904541729048407,62.80870528051006,89.05033760230224,5022.702703616505,Dorade Rose,396.1034432548561,0,0,0,0,0,107.8346537193985,0,0,0,0,0,503.93809697425456,Dorade Rose,139.4396828061731,0,0,0,0,52.482246717563655,0,0,827.6737053358347,0,0,0,1019.5956348595714,Dorade Rose,0,0,0,0,0,0,0,0,0,0,0,0,0,Dorade Rose,2504.3079237079423,14748.259147947327,2733.5245329122304,1374.0867412511052,5756.375211509368,2948.801946586468,714.5461208402368,97.973837494806,1514.1769954559732,359.41687261369,1084.3967795248793,33835.86610984402,67671.73221968804,Dorade Rose,0,0,0,0,0,0,0,0,286.4210554129103,0,0,0,286.4210554129103,Dorade Rose,8336.16238893205,15375.330497650843,3918.3008081645758,1764.8533924126941,5969.793198475882,3866.0771568342125,1369.965316305149,144.54348143911446,3557.664782835325,818.883852681972,7048.572392048475,33924.916447446325,86095.0637152266
Maquéreau,12840107.767553564,10276759.965306606,26228239.19819673,2113506.453632761,4687547.273991836,218753024.50123465,1515051.9950509283,22496955.053292688,15578204.785010485,13891705.360904131,4362092.72622081,5453484.185925356,338196679.2663205,,Langouste,0,0,0,0,0,0,0,0,0,0,0,0,0,Langouste,0,0,4.950456594552823,0,0,0,0,0,0,19.70764208798755,1.6851116050868553,4.927686665740044,31.270896953367274,Langouste,0,0,0,0,0,0,0,0,0,0,0,0,0,Langouste,0,0,0,0,0,0,0,0,0,0,0,0,0,Langouste,0,0,0,0,0,0,0,0,0,0,0,0,0,Langouste,0,0,0,0,0,0,0,0,0,0,0,0,0,Langouste,0,0,0,0,0,0,0,0,0,0,0,0,0,Langouste,0,0,4.950456594552823,0,0,0,0,0,0,19.70764208798755,1.6851116050868553,4.927686665740044,31.270896953367274
Merou,25182316.68447701,15356485.56840127,7034726.657797064,2853165.9455449805,2671187.5098374197,115066.87242463545,14964.31666681124,0,6168292.495773927,1907305.537336648,12758029.31974828,20757378.187502544,94818919.09551059,,Machoiron de mer,14011.631215323965,6255.44262295082,0,1525.1502748566245,1713.313353433423,2312.996011453742,844.1832716945221,769.1908012418783,2614.356930213756,2017.3205152957098,10519.61999655875,1178.3794616598955,43761.584454683085,Machoiron de mer,753.3574622062613,819.2521119259152,1164.545409302606,2686.2675812317443,2292.4117295712704,835.202847973608,474.5057732706207,445.9043407667534,226.771898497868,563.9670244179105,767.3385481709145,1863.721492506681,12893.246219842153,Machoiron de mer,599.3148289727783,0,2639.356101546976,0,694.7430155526638,80.10818076381342,34.31102618344497,148.16448007644283,0,0,0,0,4195.997633096119,Machoiron de mer,48.80388898216058,223.3425084378103,0,0,767.5300458502977,446.09909709929116,0,0,0,0,0,0,1485.7755403695596,Machoiron de mer,0,0,0,0,0,0,0,0,0,0,0,0,0,Machoiron de mer,1089.5883309120766,0,639.3617457302211,0,0,0,15.712532500151804,11.467392343142068,0,96.80294435728717,48.05437233680485,1900.9873181796836,3801.974636359367,Machoiron de mer,0,0,0,0,311.23336700975904,0,0,0,0,0,0,0,311.23336700975904,Machoiron de mer,16502.69572639724,7298.037243314546,4443.263256579803,4211.417856088368,5779.2315114174135,3674.4061372904544,1368.7126036487396,1374.7270144282168,2841.128828711624,2678.0904840709077,11335.012917066468,4943.08827234626,66449.81185136003
Mulet,41740598.281053804,47008724.450534,90176951.69166124,244373935.62918028,90257763.14415297,47091612.50394008,97254277.8076925,68725764.29315549,94789984.19390853,207481001.15684393,76509793.82479039,114022159.68196547,1219432566.6588788,,Maquéreau,2050.273383956588,0,0,604.7770005128821,284.72453796188285,730.0885369486641,523.806111115285,800.8447436798157,739.9123387397423,195.7101992451062,663.6795609969428,0,6593.81641315691,Maquéreau,159.50360049473701,102.26930960609023,139.89990336206276,163.093210158885,88.63776288887595,139.90670520201706,242.63346130012482,17.463616479115668,1765.846750598152,4.926910521996888,116.11950878689422,105.59328569442953,3045.894025093381,Maquéreau,357.2075139572851,0,0,0,0,0,0,0,0,0,0,0,357.2075139572851,Maquéreau,0,33.96844234795594,0,0,0,283.029259084004,0,0,0,0,0,0,316.99770143195997,Maquéreau,0,0,0,0,0,0,0,0,0,0,0,0,0,Maquéreau,12.927684369136756,0,4.433341586017944,57.747604140579426,0,0,0,190.38097967740714,0,88.17693941455862,0,353.6665491876999,707.3330983753998,Maquéreau,0,0,0,0,0,0,0,0,0,0,0,0,0,Maquéreau,2579.912182777747,136.2377519540462,144.3332449480807,825.6178148123465,373.3623008507588,1153.0245012346852,766.4395724154099,1008.6893398363385,2505.7590893378942,288.8140491816617,779.799069783837,459.25983488212944,11021.248752014937
Raie,57946.99670862624,0,0,0,0,0,92157.05722107271,0,0,0,0,10559.32856944295,160663.3824991419,,Merou,7777.885082792077,5560.393442622951,0,0,76.14726015259656,0,0,0,0,0,3994.03555626989,660.9171763222893,18069.378518159803,Merou,204.45809963863647,582.2007847375573,452.2077083904187,387.61639599847587,0,46.02674896985418,0,0,1944.290211711229,0,100.03435255651968,33.43787380323601,3750.272175805927,Merou,0,0,731.321586470308,0,0,0,0,0,0,0,0,0,731.321586470308,Merou,0,0,0,0,0,0,0,0,0,0,0,0,0,Merou,0,0,0,0,0,0,0,0,0,0,0,0,0,Merou,1931.1805833428791,0,1630.3613682580988,753.6499822195165,992.3277437823713,0,5.985726666724497,0,523.0267865983419,762.9222149346592,1009.141819072902,7608.596224875493,15217.192449750986,Merou,159.40290801721167,0,0,0,0,0,0,0,0,0,0,0,159.40290801721167,Merou,10072.926673790804,6142.594227360508,2813.8906631188256,1141.2663782179923,1068.4750039349678,46.02674896985418,5.985726666724497,0,2467.316998309571,762.9222149346592,5103.211727899312,8302.951275001018,37927.56763820424
Requin,0,0,0,0,0,0,0,0,0,0,0,0,0,,Mulet,0,0,0,13499.734885011689,7442.56699230596,8826.099065928247,0,7528.890208863406,0,5503.972988000833,5327.373773407892,2582.1880377242933,50710.82595124232,Mulet,38.383804993755795,2.6494639794323898,32.40898917233915,0,0,0,293.2920793707366,378.96047759681,0,55445.447404274026,1879.8185914564367,3433.5416731638666,61504.502484007404,Mulet,41340.02248751432,46643.73294674234,87379.18293683957,215351.58190002368,80593.08456667383,37862.52475785911,63070.28325165009,58901.30740958908,73707.8906998493,145525.24800000002,66970.27674481939,94101.33333333333,1011446.4690348941,Mulet,0,0,0,9131.39469784291,1495.9003954837433,402.988680152721,0,1268.6640812593444,0,0,0,0,12298.947854738719,Mulet,0,0,0,0,0,0,0,0,0,0,0,0,0,Mulet,64.6384218456838,0,0,0,0,0,0,0,34.31460271190779,299.99328300822657,0,398.9463075658182,797.8926151316364,Mulet,103.95841827209456,0,0,0,726.2111896894378,0,1598.5552180098719,630.5689471658308,3172.248292969403,0,0,0,6231.542066106638,Mulet,41547.00313262585,46646.38241072177,87411.59192601191,237982.71148287828,90257.76314415297,47091.61250394008,64962.130549030706,68708.39112447445,76914.45359553062,206774.6616752831,74177.46910968372,100516.0093517873,1142990.1800061208
Rouge,49487670.825193,91159804.64986812,19234094.47314431,5636953.232380416,11159879.058426263,3389418.2928004283,2995788.7221463965,6952826.872658307,24559097.947167043,18399819.1131305,58048712.11997759,160890415.65780315,451914480.9646956,,Raie,0,0,0,0,0,0,21.092863534843694,0,0,0,0,0,21.092863534843694,Raie,0,0,0,0,0,0,71.06419368622902,0,0,0,0,10.55932856944295,81.62352225567197,Raie,57.94699670862624,0,0,0,0,0,0,0,0,0,0,0,57.94699670862624,Raie,0,0,0,0,0,0,0,0,0,0,0,0,0,Raie,0,0,0,0,0,0,0,0,0,0,0,0,0,Raie,0,0,0,0,0,0,0,0,0,0,0,0,0,Raie,0,0,0,0,0,0,0,0,0,0,0,0,0,Raie,57.94699670862624,0,0,0,0,0,92.1570572210727,0,0,0,0,10.55932856944295,160.6633824991419
Sardine,643548600.2406657,631888347.5127145,898147276.7616386,206671044.95380265,527236471.9493213,211223888.06147805,591591992.5486221,686159304.633174,727280184.2620225,119047.08186889581,242492.52800316075,589871843.383648,5713980493.916959,,Requin,0,0,0,0,0,0,0,0,0,0,0,0,0,Requin,0,0,0,0,0,0,0,0,0,0,0,0,0,Requin,0,0,0,0,0,0,0,0,0,0,0,0,0,Requin,0,0,0,0,0,0,0,0,0,0,0,0,0,Requin,0,0,0,0,0,0,0,0,0,0,0,0,0,Requin,0,0,0,0,0,0,0,0,0,0,0,0,0,Requin,0,0,0,0,0,0,0,0,0,0,0,0,0,Requin,0,0,0,0,0,0,0,0,0,0,0,0,0
Sole,3435666.7498585777,2637946.0378417894,95708.82749468792,78203.92248011407,19979222.032764383,6860099.909373633,392014.36278125667,1859218.089600645,3941237.565219964,491737.3163282202,1317652.7257245025,1448226.5819005256,42536934.12136829,,Rouge,16034.739191822271,0,0,139.0291955202028,883.9703678584037,802.4680039737473,160.54012801519923,258.92924914232776,1060.5410188602973,1809.566611481674,2726.46738571717,3371.189938140049,27247.44109053134,Rouge,756.6428092813333,871.276229636341,1035.4375013166687,937.8759657039634,343.5065049098264,198.79172055075117,0,302.00414097884027,778.459599105796,46.96988030970366,705.602186639096,578.6512056054737,6555.217744037793,Rouge,346.4912885385665,937.1697639594278,3959.034152320464,0,0,0,0,874.1704324510127,4948.360845291413,0,14698.185239285984,0,25763.411721846867,Rouge,0,10.61513823373623,0,0,0,0,0,0,372.4531674011256,0,0,0,383.0683056348618,Rouge,0,0,0,0,0,0,0,0,0,0,0,0,0,Rouge,2653.191755359167,34644.86072811774,2699.166135620592,1177.8761317280002,3236.474750602275,354.5075925956729,1037.7753608433595,1346.0269264911417,2663.824548208185,5503.391153460821,5089.230036348786,60406.32511937574,120812.65023875148,Rouge,0,0,0,0,0,0,0,0,0,0,0,0,0,Rouge,19791.065045001338,36463.921859947244,7693.637789257724,2254.7812929521665,4463.951623370505,1355.7673171201714,1198.3154888585586,2781.1307490633226,9823.639178866817,7359.927645252199,23219.484847991036,64356.16626312126,180761.78910080236
Thon,34153983.89161832,8124076.020795218,101378694.9701311,5739310.473517854,12907174.513775721,227466029.7300836,4415413.742960103,15213008.146243965,23784645.153004717,14283923.563199403,11258030.065110365,23185632.26493862,481909922.535379,,Sardine,3860.3473756504795,0,0,312.81568992045624,43.03975573842415,652.46418100872,184604.741656952,81431.3496187158,201654.88667530852,180.65556853394418,478.3276115293281,107539.93434887481,580758.5624822325,Sardine,0,2.838711406534703,3.6303348360054035,0,7.034743086418726,0,81.21622135569032,0,33.458148958701834,0,0,47.51697856249328,175.69513820584427,Sardine,0,0,0,0,0,0,0,0,0,0,0,0,0,Sardine,791571.1913540834,982453.1230198144,1340589.9842468319,294723.63576486084,487162.28481612465,365151.4169450981,773758.8306634,993533.1308369013,954520.9709338947,0,0,849226.09354903,7832690.662130039,Sardine,0,0,0,0,0,0,0,0,0,0,0,0,0,Sardine,0,0,0,0,0,0,0,0,0,0,0,0,0,Sardine,257764.89810565847,143237.1372726084,319223.4255304505,0,297539.09886132966,56643.89499684925,166032.57064015488,236802.89231258348,225975.4043790725,0,0,222891.68512877,1926111.0072274774,Sardine,1053196.4368353924,1125693.0990038293,1659817.0401121182,295036.4514547813,784751.4581762792,422447.7761229561,1124477.3591818626,1311767.3727682005,1382184.7201372345,180.65556853394418,478.3276115293281,1179705.2300052373,10339735.926977955
Turbo,4509000.338757036,126097.07962157077,350888.36342190416,2100841.444747732,804670.0669948631,238535.45299456175,0,1798881.284536021,1968202.8230002052,492362.59149822226,3174075.774343593,1797476.4782379337,17361031.698153645,,Sole,557.6057320384026,0,0,31.281568992045624,142.36226898094142,98.60391159938855,138.27543872841977,91.7964330700184,61.65936156164519,141.51352868492293,502.2439921057945,440.61145088152614,2205.9536866431054,Sole,53.551157323670715,97.55704867124261,38.28353099787517,0,18.99380633333056,128.58266378879898,0,73.34718921228581,650.5751186414245,55.181397846365144,24.81709818400642,138.67918187868412,1279.5681928776842,Sole,675.1222013792687,0,0,0,7830.332737791481,2516.8533883612654,0,400.04409620639564,794.0063247459001,0,0,0,12216.35874848431,Sole,0,940.5012475090301,0,0,0,0,0,0,0,0,0,0,940.5012475090301,Sole,0,0,0,0,0,0,0,0,0,0,0,0,0,Sole,0,0,0,0,0,0,0,0,0,0,0,0,0,Sole,69.30561218139637,0,0,0,0,0,0,178.49951735155824,70.25422113901573,0,0,0,318.0593506719703,Sole,1355.5847029227384,1038.0582961802727,38.28353099787517,31.281568992045624,7991.688813105753,2744.039963749453,138.27543872841977,743.687235840258,1576.4950260879855,196.69492653128808,527.061090289801,579.2906327602102,16960.4412261861
,,,,,,,,,,,,,,,Thon,9359.197748521496,0,77977.67285873622,3086.4481405485017,2383.7403178204145,1921.7272984051046,2467.865033576712,1019.2569465015836,1664.80276216442,490.7809611838817,2295.972535340775,650.6703983948119,103318.13500119389,Thon,427.83432285122814,492.6791818210789,677.25546517879,1925.4809593399261,1633.6080395281567,280.90928537950685,86.29223519042097,9.313928788861691,0,699.6212941235581,639.8828340407086,1004.5441245730062,7877.4216708152435,Thon,337.36265207076923,449.20152835875393,714.8256108356393,0,289.47625648027656,563.1847859759004,51.46653927516746,3348.5172497276076,10463.869065401326,0,4810.315169220867,0,21028.218857346306,Thon,0,0,0,0,46.991635460222305,146.20054442749878,0,0,2175.7786041782924,0,0,48.58439612052073,2417.555180186534,Thon,0,0,0,0,0,0,0,0,0,0,0,0,0,Thon,2914.7619024280343,0,219.0070743492864,450.5625568513845,5835.761431011958,2602.007815895625,449.6777158376778,37.85352812299323,416.8321213635958,398.71311735278675,583.9059582057042,13909.083221419045,27818.16644283809,Thon,346.5280609069819,0,0,0,0,0,0,0,91.87090456640519,0,0,0,438.3989654733871,Thon,13385.684686778508,941.8807101798328,79588.76100909994,5462.491656739812,10189.577680301027,5514.0297300836355,3055.301523879978,4414.941653141046,14813.15345767404,1589.1153726602265,8330.076496808053,15612.882140507383,162897.89611785352
"Total (,000. f.cfa)",1458442551.1936257,1772669715.675476,1791529239.5495064,958967804.010081,1097626265.3139668,1711078881.6660652,1014264465.2211548,1110192504.3903646,1320224271.1338956,779895642.2548252,442484902.89248043,1428541053.228658,14885917296.5301,,Turbo,3468.59360493632,0,0,931.4956099853586,132.43001765668967,0,0,0,0,0,2917.7984303289013,0,7450.31766290727,Turbo,233.97146752969834,123.95706475201537,350.88836342190416,1115.190327742045,672.2400493381734,238.53545299456175,0,0,1472.1585541828806,492.3625914982223,242.96245506070477,864.8090098373777,5807.075336357583,Turbo,496.5184444006262,0,0,0,0,0,0,0,0,0,0,0,496.5184444006262,Turbo,0,0,0,0,0,0,0,0,0,0,0,583.0127534462488,583.0127534462488,Turbo,0,0,0,0,0,0,0,0,0,0,0,0,0,Turbo,307.24796517315025,0,0,23.624019875691584,0,0,0,0,18.782729905465317,0,0,349.65471495430717,699.3094299086143,Turbo,0,0,0,0,0,0,0,0,0,0,0,0,0,Turbo,4506.3314820397945,123.95706475201537,350.88836342190416,2070.309957603095,804.6700669948631,238.53545299456175,0,0,1490.941284088346,492.3625914982223,3160.7608853896063,1797.4764782379336,15036.23362702034
"Valeurs (,000 f.cfa)",1458442.5511936257,1772669.715675476,1791529.2395495065,958967.8040100811,1097626.2653139667,1711078.8816660652,1014264.4652211549,1110192.5043903647,1320224.2711338957,779895.6422548252,442484.90289248043,1428541.053228658,14885917.296530101,,,,,,,,,,,,,,,,,,,,,,,,,,,,,,,,,,,,,,,,,,,,,,,,,,,,,,,,,,,,,,,,,,,,,,,,,,,,,,,,,,,,,,,,,,,,,,,,,,,,,,,,,,,,,,,,,
,,,,,,,,,,,,,,,Efforts (jr),324.099173553719,2293.3333333333335,1032,567.032967032967,352.1161524500909,489.6036377415687,873.7249575551781,734.0926108374387,722.1906693711967,413.8949602122016,266.9850746268657,468.18532818532805,8537.258864899888,Efforts (jr),21.48148148148148,27.941276886309318,17.30994152046784,22.299465240641712,23.15789473684211,27.94202898550724,43.11272727272728,22.40786240786241,27.906976744186046,25.064935064935067,24.71508379888268,24.357142857142858,307.696816996986,Efforts (jr),79.6190476190476,129.9047619047619,86.04444444444444,176,124.23529411764703,93.91304347826085,236.57142857142858,104.34285714285713,111.81176470588234,528,87.03296703296704,586.6666666666667,2344.142275683964,Efforts (jr),2630.2222222222226,3083.542673107891,3278.1981981981976,1804,893.2473118279574,1786.7142857142858,1820.6896551724137,1712.4324324324325,1588.190476190477,0,0,2135.0476190476193,20732.284873913497,Efforts (jr),0,0,0,0,0,0,0,0,0,0,0,0,0,Efforts (jr),23.07692307692308,216,30.000000000000007,19.77116704805492,26.823529411764707,45.47368421052632,26.83229813664596,27,22.7603305785124,25.411764705882348,30.240000000000002,493.3896971683098,986.7793943366196,Efforts (jr),304.5,239.2727272727272,236.92307692307693,504,156.8,157.89473684210526,234.4615384615385,201.090909090909,213.1929824561403,0,0,271.62947368421055,2519.7654447307077,Efforts (jr),3382.9988479533936,5989.994772505023,4680.475661086187,3093.1035993216638,1576.380182544302,2601.5414169722544,3235.3926051699323,2801.3666719115,2686.0532000463945,992.371659983019,408.97312545871546,3979.275927609277,35427.92767056166
,,,,,,,,,,,,,,,Captures (kg),171249.29885871708,339184,251145.4814814815,65116.40915981977,67429.72316530083,69268.19892078749,262449.0091754694,133726.0365718712,260947.35087780736,62397.831186395866,96552.82002525253,216864.34507381983,1996330.5044967227,Captures (kg),11771.398569982339,10086.842445170807,11863.835234933767,15304.974666242848,16091.623073028515,20377.10842059724,13470.319433501407,12403.242544017252,25698.460700757572,66697.2300397792,11790.41951686453,17707.99401095583,233263.4486558313,Captures (kg),52429.7282069371,55415.469640925956,131593.8962962963,263249.06666666665,114240.35723865878,53809.878779368075,70071.6932231405,68783.87823068781,109920.25058201054,145525.24800000002,114966.53254437872,94101.33333333333,1274107.332742404,Captures (kg),812694.9089023905,1004612.4363855034,1373713.8876436732,318706.6666666666,518381.1778341234,390669.40991875005,805813.4187714782,1038697.572129734,1001218.6976042632,0,0,881894.2415004682,8146402.417357051,Captures (kg),0,0,0,0,0,0,0,0,0,0,0,0,0,Captures (kg),16371.404023668638,49973.759999999995,8963.77335276968,4680.224574669187,21460.33333333333,6542.496056670603,2766.153935860058,2947.3424999999997,5728.299173553719,8914.496885813149,8880.085333333334,137228.3691696717,274456.7383393434,Captures (kg),270659.20725200727,155223.48205392278,337138.93231752585,99792,355205.45454545453,73921.25242630386,184812.7497582265,250324.23075196403,250061.79388804123,0,0,237797.64608207098,2214936.749075517,Captures (kg),1335175.945813703,1614495.9905255227,2114419.8063266804,766849.3417340651,1092808.6691898995,614588.3445224774,1339383.3442976763,1506882.3027282744,1653574.8528264337,283534.8061119882,232189.8574198291,1585593.9291703198,14139497.190666867
,,,,,,,,,,,,,,,CPUE (kg/jr),76.05548641173641,41.083333333333336,45.62962962962963,36.806755823541536,39.47557275100378,40.5518767906742,169.5123712648926,78.28761023466295,152.76714259238562,36.529738057281165,46.77946706649832,122.58159040025348,73.83838119632442,CPUE (kg/jr),61.30936755199136,50.78444981075581,55.61172766375202,58.45650046134421,53.080006664503784,81.36692598502371,58.46492809679428,47.37349582784366,71.38461305765993,324.2226460267044,61.40843498366942,73.78330837898262,83.10386704241877,CPUE (kg/jr),111.7110686227353,91.83434836327693,93.46157407407408,62.322222222222216,117.19733618233619,97.66628881987577,121.65224517906336,81.42031040564373,130.11393298059963,114.84,117.9423076923077,66.83333333333333,100.58291398962234,CPUE (kg/jr),192.39936290302802,214.05094525259307,195.12981358574908,60.36111111111111,128.4256142788123,92.48802318152227,184.41121483880107,237.7069885713564,221.22887888983078,0,0,194.86299528103777,143.42207899115348,CPUE (kg/jr),0,0,0,0,0,0,0,0,0,0,0,0,0,CPUE (kg/jr),123.16449786324785,57.839999999999996,72.6231637377173,62.29465579710145,223.54513888888886,83.2956673881674,22.410969387755102,27.290208333333332,72.92973484848484,87.70049019607843,77.08407407407408,82.74350913771353,82.74350913771353,CPUE (kg/jr),402.76667745834413,346.4809867275063,362.3351620476055,16.5,352.3863636363637,128.3355076845553,397.2496274565053,558.759443642777,392.78886275403306,0,0,491.4799232847035,287.4235462243662,CPUE (kg/jr),138.20092297301187,114.58200906963792,117.82729581978967,42.39160648790293,130.58714748598695,74.8148985499741,136.24305088911598,147.2625795736596,148.7447378747134,80.47041061143773,43.31632625950707,147.4692371165749,110.1591852259427
,,,,,,,,,,,,,,,Nbre débarq.,76,10,9,100,188,313,1158,722,345,189,104,235,3449,Nbre débarq.,290,341,185,139,154,241,247,152,80,386,553,341,3109,Nbre débarq.,114,93,22,3,52,90,207,83,54,10,15,10,753,Nbre débarq.,1076,1088,827,41,239,1137,240,348,758,0,0,1019,6773,Nbre débarq.,0,0,0,0,0,0,0,0,0,0,0,0,0,Nbre débarq.,25,2,35,40,38,88,40,30,51,34,42,425,850,Nbre débarq.,174,282,110,2,56,125,254,237,217,0,0,256,1713,Nbre débarq.,1755,1816,1188,325,727,1994,2146,1572,1505,619,714,2286,16647
,,,,,,,,,,,,,,,Taux échant.,0.03682170542635659,0.0048449612403100775,0.00436046511627907,0.04844961240310078,0.09108527131782945,0.15164728682170542,0.561046511627907,0.3498062015503876,0.16715116279069767,0.09156976744186046,0.050387596899224806,0.11385658914728682,1.671027131782946,Taux échant.,1.2083333333333333,1.4208333333333334,0.7708333333333334,0.5791666666666667,0.6416666666666667,1.0041666666666667,1.0291666666666666,0.6333333333333333,0.3333333333333333,1.6083333333333334,2.3041666666666667,1.4208333333333334,12.954166666666666,Taux échant.,0.2159090909090909,0.17613636363636365,0.041666666666666664,0.005681818181818182,0.09848484848484848,0.17045454545454544,0.39204545454545453,0.1571969696969697,0.10227272727272728,0.01893939393939394,0.028409090909090908,0.01893939393939394,1.4261363636363638,Taux échant.,0.2037878787878788,0.20606060606060606,0.15662878787878787,0.007765151515151515,0.045265151515151515,0.21534090909090908,0.045454545454545456,0.0659090909090909,0.14356060606060606,0,0,0.19299242424242424,0.10689709595959596,Taux échant.,0,0,0,0,0,0,0,0,0,0,0,0,0,Taux échant.,0.3472222222222222,0.027777777777777776,0.4861111111111111,0.5555555555555556,0.5277777777777778,1.2222222222222223,0.5555555555555556,0.4166666666666667,0.7083333333333334,0.4722222222222222,0.5833333333333334,0.5366161616161617,0.5366161616161617,Taux échant.,0.34523809523809523,0.5595238095238095,0.21825396825396826,0.003968253968253968,0.1111111111111111,0.24801587301587302,0.503968253968254,0.47023809523809523,0.4305555555555556,0,0,0.5079365079365079,0.283234126984127,Taux échant.,0.33675890370242534,0.3421681216531715,0.2396934760514495,0.17151243689864953,0.21648440383905504,0.43026392903884597,0.4410338554026262,0.2990214796277919,0.2693152454780362,0.31300924527668716,0.4237566696869023,0.3987392014593012,0.3234797473429118
,,,,,,,,,,,,,162256.4985321781,,,,,,,,,,,,,,,,,,,,,,,,,,,,,,,,,,,,,,,,,,,,,,,,,,,,,,881894.2415004682,,,,,,,,,,,,,,,,,,,,,,,,,,,,,,,,,,,,,,,,,,237797.64608207098,,,,,,,,,,,,,,,,,
,,,,,,,,,,,,,,,,,,,,,,,,,,,,,,,,,,,,,,,,,,,,,,,,,,,,,,,,,,931468.2422357239,1075928.4310843798,1447703.1908665304,388726.83333333326,660783.2519081974,792141.40991875,805813.4187714782,1038697.572129734,1001218.6976042632,0,0,881894.2415004682,9024375.289352858,,,,,,,,,,,,,,,,,,,,,,,,,,,,,,,,,,,,,,,0.10736091953024135,,,,,,,,,,,,,,,,,
,,,,,,,,,,,,,,,,,,,,,,,,,,,,,,,,,,,,,,,,,,,,,,,,,,,,,,,,,,,,,,,,,,,,,,,,,,,,,,,,,,,,,,,,,,,,,,,,,,,,,-0.4264984234975749,1.1719583136294276,-0.7040033338362316,2.5594582185491275,-0.7918915616853389,1.5001301207995148,0.35447490002416043,-0.0010483877774614752,,,,,,,,,,,,,,,,,,
,,,,,,,,,,,,,,,Filet maillant de fond,,,,,,,,,,,,,,,,,,,,,,,,,,,,,,,,,,,,,,,,,,,,,,,,,,,,,,,,,,,,,,,,,,,,,,,,,,,,,,,,,,,,,,,,,,,,,,,,,,,,,,,,,,,,,,,
,,,,,,,,,,,,,,,,,,,,,,,,,,,,,,,,,,,,,,,,,,,,,,,,,,,,,,,,,,,,,,,,,,,,,,,,,,,,,,,,,,,,,,,,,,,,,,,,,,,,Janv.,Févr.,Mars,Avr.,Mai,Juin,Juil.,Août,Sept.,Oct.,Nov.,Déc.,,,,,,,,,,,,,,,
,,,,,,,,,,,,,,,Espèces,Janvier,Février,Mars,Avril,Mai,Juin,Juillet,Août,Septembre,Octobre,Novembre,Décembre,Total,Espèces,Janvier,Février,Mars,Avril,Mai,Juin,Juillet,Août,Septembre,Octobre,Novembre,Décembre,Total,Espèces,Janvier,Février,Mars,Avril,Mai,Juin,Juillet,Août,Septembre,Octobre,Novembre,Décembre,Total,Espèces,Janvier,Février,Mars,Avril,Mai,Juin,Juillet,Août,Septembre,Octobre,Novembre,Décembre,Total,,,,,,,,,,,,,,,,,,,,,,,,,,,,,,,,,,,,,,,,,,,Espèces,Janvier,Février,Mars,Avril,Mai,Juin,Juillet,Août,Septembre,Octobre,Novembre,Décembre,Total
,,,,,,,,,,,,,,,Banane de Mer,0,0,0,0,0,0,0,0,0,0,0,0,0,Banane de Mer,0,0,0,0,0,0,0,0,0,0,0,0,0,Banane de Mer,0,0,0,0,0,0,0,0,0,0,0,0,0,Banane de Mer,0,0,0,0,0,0,0,0,0,0,0,0,0,,,,,,,,,,,,,,,,,,,,,,,,,,,,,,,,,,,,,,,,,,,Banane de Mer,0,0,0,0,0,0,0,0,0,0,0,0,0
,,,,,,,,,,,,,,,Barbillon,0,0,0,0,0,0,0,0,0,0,0,0,0,Barbillon,0,0,0,0,0,0,0,0,0,0,0,0,0,Barbillon,0,0,0,0,0,0,0,0,0,0,0,0,0,Barbillon,0,0,0,0,0,0,0,0,0,0,0,0,0,,,,,,,,,,,,,,,,,,,,,,,,,,,,,,,,,,,,,,,,,,,Barbillon,0,0,0,0,0,0,0,0,0,0,0,0,0
,,,,,,,,,,,,,,,Bars,24828.26453040801,13209.615083983983,0,0,0,0,0,0,0,19944.76734693878,0,0,57982.64696133077,Bars,0,0,0,0,0,0,0,0,0,0,0,0,0,Bars,0,0,0,0,0,0,0,0,0,0,0,0,0,Bars,0,0,0,0,0,0,0,0,0,0,0,0,0,,,,,,,,,,,,,,,,,,,,,,,,,,,,,,,,,,,,,,,,,,,Bars,24828.26453040801,13209.615083983983,0,0,0,0,0,0,0,19944.76734693878,0,0,57982.64696133077
,,,,,,,,,,,,,,,Bécune,1704.6271170130872,509.67330926576676,0,0,0,0,0,0,0,6732.946938775512,0,0,8947.247365054365,Bécune,0,0,0,0,0,0,0,0,0,0,0,0,0,Bécune,0,0,0,0,0,0,0,0,0,0,0,0,0,Bécune,0,0,0,0,0,0,0,0,0,0,0,0,0,,,,,,,,,,,,,,,,,,,,,,,,,,,,,,,,,,,,,,,,,,,Bécune,1704.6271170130872,509.67330926576676,0,0,0,0,0,0,0,6732.946938775512,0,0,8947.247365054365
,,,,,,,,,,,,,,,Bossu,14304.044938414167,6828.22597893041,0,0,0,0,0,0,0,25153.27346938776,0,0,46285.544386732334,Bossu,0,0,0,0,0,0,0,0,0,0,0,0,0,Bossu,0,0,0,0,0,0,0,0,0,0,0,0,0,Bossu,0,0,0,0,0,0,0,0,0,0,0,0,0,,,,,,,,,,,,,,,,,,,,,,,,,,,,,,,,,,,,,,,,,,,Bossu,14304.044938414167,6828.22597893041,0,0,0,0,0,0,0,25153.27346938776,0,0,46285.544386732334
,,,,,,,,,,,,,,,Capitaine,52287.58395881448,18013.111478159975,0,0,0,0,0,0,0,46622.48163265307,0,0,116923.17706962753,Capitaine,0,0,0,0,0,0,0,0,0,0,0,0,0,Capitaine,0,0,0,0,0,0,0,0,0,0,0,0,0,Capitaine,0,0,0,0,0,0,0,0,0,0,0,0,0,,,,,,,,,,,,,,,,,,,,,,,,,,,,,,,,,,,,,,,,,,,Capitaine,52287.58395881448,18013.111478159975,0,0,0,0,0,0,0,46622.48163265307,0,0,116923.17706962753
,,,,,,,,,,,,,,,Carangue,0,0,0,0,0,0,0,0,0,0,0,0,0,Carangue,0,0,0,0,0,0,0,0,0,0,0,0,0,Carangue,0,0,0,0,0,0,0,0,0,0,0,0,0,Carangue,0,0,0,0,0,0,0,0,0,0,0,0,0,,,,,,,,,,,,,,,,,,,,,,,,,,,,,,,,,,,,,,,,,,,Carangue,0,0,0,0,0,0,0,0,0,0,0,0,0
,,,,,,,,,,,,,,,Carpe,0,0,0,0,0,0,0,0,0,0,0,0,0,Carpe,0,0,0,0,0,0,0,0,0,0,0,0,0,Carpe,0,0,0,0,0,0,0,0,0,0,0,0,0,Carpe,0,0,0,0,0,0,0,0,0,0,0,0,0,,,,,,,,,,,,,,,,,,,,,,,,,,,,,,,,,,,,,,,,,,,Carpe,0,0,0,0,0,0,0,0,0,0,0,0,0
,,,,,,,,,,,,,,,Ceinture,0,0,0,0,0,0,0,0,0,0,0,0,0,Ceinture,0,0,0,0,0,0,0,0,0,0,0,0,0,Ceinture,0,0,0,0,0,0,0,0,0,0,0,0,0,Ceinture,0,0,0,0,0,0,0,0,0,0,0,0,0,,,,,,,,,,,,,,,,,,,,,,,,,,,,,,,,,,,,,,,,,,,Ceinture,0,0,0,0,0,0,0,0,0,0,0,0,0
,,,,,,,,,,,,,,,Crabe,0,0,0,0,0,0,0,0,0,0,0,0,0,Crabe,0,0,0,0,0,0,0,0,0,0,0,0,0,Crabe,0,0,0,0,0,0,0,0,0,0,0,0,0,Crabe,0,0,0,0,0,0,0,0,0,0,0,0,0,,,,,,,,,,,,,,,,,,,,,,,,,,,,,,,,,,,,,,,,,,,Crabe,0,0,0,0,0,0,0,0,0,0,0,0,0
,,,,,,,,,,,,,,,Crevette,0,0,0,0,0,0,0,0,0,0,0,0,0,Crevette,0,0,0,0,0,0,0,0,0,0,0,0,0,Crevette,0,0,0,0,0,0,0,0,0,0,0,0,0,Crevette,0,0,0,0,0,0,0,0,0,0,0,0,0,,,,,,,,,,,,,,,,,,,,,,,,,,,,,,,,,,,,,,,,,,,Crevette,0,0,0,0,0,0,0,0,0,0,0,0,0
,,,,,,,,,,,,,,,Disque,0,0,0,0,0,0,0,0,0,0,0,0,0,Disque,0,0,0,0,0,0,0,0,0,0,0,0,0,Disque,0,0,0,0,0,0,0,0,0,0,0,0,0,Disque,0,0,0,0,0,0,0,0,0,0,0,0,0,,,,,,,,,,,,,,,,,,,,,,,,,,,,,,,,,,,,,,,,,,,Disque,0,0,0,0,0,0,0,0,0,0,0,0,0
,,,,,,,,,,,,,,,Divers,3149.8544553502697,0,0,0,0,0,0,0,0,0,0,0,3149.8544553502697,Divers,0,0,0,0,0,0,0,0,0,0,0,0,0,Divers,0,0,0,0,0,0,0,0,0,0,0,0,0,Divers,0,0,0,0,0,0,0,0,0,0,0,0,0,,,,,,,,,,,,,,,,,,,,,,,,,,,,,,,,,,,,,,,,,,,Divers,3149.8544553502697,0,0,0,0,0,0,0,0,0,0,0,3149.8544553502697
,,,,,,,,,,,,,,,Dorade Grise,0,0,0,0,0,0,0,0,0,0,0,0,0,Dorade Grise,0,0,0,0,0,0,0,0,0,0,0,0,0,Dorade Grise,0,0,0,0,0,0,0,0,0,0,0,0,0,Dorade Grise,0,0,0,0,0,0,0,0,0,0,0,0,0,,,,,,,,,,,,,,,,,,,,,,,,,,,,,,,,,,,,,,,,,,,Dorade Grise,0,0,0,0,0,0,0,0,0,0,0,0,0
Production par Groupe d'espèces (Tonnes),,,,,,,,,,,,,,,Dorade Rose,0,0,0,0,0,0,0,0,0,0,0,0,0,Dorade Rose,0,0,0,0,0,0,0,0,0,0,0,0,0,Dorade Rose,0,0,0,0,0,0,0,0,0,0,0,0,0,Dorade Rose,0,0,0,0,0,0,0,0,0,0,0,0,0,,,,,,,,,,,,,,,,,,,,,,,,,,,,,,,,,,,,,,,,,,,Dorade Rose,0,0,0,0,0,0,0,0,0,0,0,0,0
,,,,,,,,,,,,,,,Langouste,0,0,0,0,0,0,0,0,0,0,0,0,0,Langouste,0,0,0,0,0,0,0,0,0,0,0,0,0,Langouste,0,0,0,0,0,0,0,0,0,0,0,0,0,Langouste,0,0,0,0,0,0,0,0,0,0,0,0,0,,,,,,,,,,,,,,,,,,,,,,,,,,,,,,,,,,,,,,,,,,,Langouste,0,0,0,0,0,0,0,0,0,0,0,0,0
Pélagiques,,,,,,,,,,,,,,,Machoiron de mer,0,0,0,0,0,0,0,0,0,2667.771428571429,0,0,2667.771428571429,Machoiron de mer,0,0,0,0,0,0,0,0,0,0,0,0,0,Machoiron de mer,0,0,0,0,0,0,0,0,0,0,0,0,0,Machoiron de mer,0,0,0,0,0,0,0,0,0,0,0,0,0,,,,,,,,,,,,,,,,,,,,,,,,,,,,,,Janv.,Févr.,Mars,Avr.,Mai,Juin,Juil.,Août,Sept.,Oct.,Nov.,Déc.,,Machoiron de mer,0,0,0,0,0,0,0,0,0,2667.771428571429,0,0,2667.771428571429
,,,,,,,,,,,,,,,Maquéreau,0,0,0,0,0,0,0,0,0,0,0,0,0,Maquéreau,0,0,0,0,0,0,0,0,0,0,0,0,0,Maquéreau,0,0,0,0,0,0,0,0,0,0,0,0,0,Maquéreau,0,0,0,0,0,0,0,0,0,0,0,0,0,,,,,,,,,,,,,,,,,,,,,,,,,,,,,Senne tournante,270.65920725200726,155.2234820539228,337.13893231752587,99.792,355.20545454545453,73.92125242630387,184.81274975822652,250.32423075196402,250.06179388804122,0,0,237.79764608207097,,Maquéreau,0,0,0,0,0,0,0,0,0,0,0,0,0
Esspèces,Janvier,Février,Mars,Avril,Mai,Juin,Juillet,Août,Septembre,Octobre,Novembre,Décembre,Total,,Merou,0,0,0,0,0,0,0,0,0,0,0,0,0,Merou,0,0,0,0,0,0,0,0,0,0,0,0,0,Merou,0,0,0,0,0,0,0,0,0,0,0,0,0,Merou,0,0,0,0,0,0,0,0,0,0,0,0,0,,,,,,,,,,,,,,,,,,,,,,,,,,,,,Filet sardine,931.4682422357239,1075.9284310843798,1447.7031908665303,388.7268333333333,660.7832519081974,792.14140991875,805.8134187714783,1038.697572129734,1001.2186976042632,0,0,881.8942415004682,,Merou,0,0,0,0,0,0,0,0,0,0,0,0,0
Banane de Mer,0,0,0,770.5731240222258,0,0,0,0,0,0,0,0,770.5731240222258,5.913899228809866e-05,Mulet,0,0,0,0,0,0,0,0,0,0,0,0,0,Mulet,0,0,0,0,0,0,0,0,0,0,0,0,0,Mulet,0,0,0,0,0,0,0,0,0,0,0,0,0,Mulet,0,0,0,0,0,0,0,0,0,0,0,0,0,,,,,,,,,,,,,,,,,,,,,,,,,,,,,,,,,,,,,,,,,,,Mulet,0,0,0,0,0,0,0,0,0,0,0,0,0
Barbillon,197.04479493318493,82.43072615233216,627.4424581722567,444.1823660453313,961.7775150032983,3786.4502696959435,5038.102843071506,4940.810852214892,1790.6746307222106,15.523944649688497,16.64361119248337,16.64361119248337,17917.727623045615,0.0013751275806097069,Raie,0,0,0,0,0,0,0,0,0,0,0,0,0,Raie,0,0,0,0,0,0,0,0,0,0,0,0,0,Raie,0,0,0,0,0,0,0,0,0,0,0,0,0,Raie,0,0,0,0,0,0,0,0,0,0,0,0,0,,,,,,,,,,,,,,,,,,,,,,,,,,,,,,,,,,,,,,,,,,,Raie,0,0,0,0,0,0,0,0,0,0,0,0,0
Bécune,26029.184263224102,45357.52815787862,72167.5500650107,7315.664627832354,17679.18043118933,369910.2765400752,4925.3410966005495,34497.21166628667,31339.85248734009,28383.10921736505,14132.548824401016,14132.548824401016,665869.9962016046,0.051103366238227595,Requin,0,0,0,0,0,0,0,0,0,0,0,0,0,Requin,0,0,0,0,0,0,0,0,0,0,0,0,0,Requin,0,0,0,0,0,0,0,0,0,0,0,0,0,Requin,0,0,0,0,0,0,0,0,0,0,0,0,0,,,,,,,,,,,,,,,,,,,,,,,,,,,,,,,,,,,,,,,,,,,Requin,0,0,0,0,0,0,0,0,0,0,0,0,0
Carangue,819.2290926694088,4176.390154654075,11822.115871512497,939.094251967176,10697.42349397395,3865.5471963112686,2200.6975916882216,880.4578151512814,35.59641858165242,5267.339414741589,15026.590207762702,15026.590207762702,70757.07171677653,0.005430376155276078,Rouge,0,0,0,0,0,0,0,0,0,0,0,0,0,Rouge,0,0,0,0,0,0,0,0,0,0,0,0,0,Rouge,0,0,0,0,0,0,0,0,0,0,0,0,0,Rouge,0,0,0,0,0,0,0,0,0,0,0,0,0,,,,,,,,,,,,,,,,,,,,,,,,,,,,,,,,,,,,,,,,,,,Rouge,0,0,0,0,0,0,0,0,0,0,0,0,0
Carpe,1572.8365137592846,32.30453580636492,2.245479309066376,0,285.717763094308,172.1261507924449,30.88384397347149,60.933839193029456,983.7365154775912,5516.68372845486,105.98116260690858,105.98116260690858,8869.43069507424,0.0006807000881861692,Sardine,0,0,0,0,0,0,0,0,0,0,0,0,0,Sardine,0,0,0,0,0,0,0,0,0,0,0,0,0,Sardine,0,0,0,0,0,0,0,0,0,0,0,0,0,Sardine,0,0,0,0,0,0,0,0,0,0,0,0,0,,,,,,,,,,,,,,,,,,,,,,,,,,,,,,,,,,,,,,,,,,,Sardine,0,0,0,0,0,0,0,0,0,0,0,0,0
Ceinture,3629.6125136223336,831.6895582503234,3625.7784556026095,0,0,16.86929358778832,126.79205511975798,186.26036593206075,666.0154404581031,0,0,0,9083.017682572976,0.0006970921979194976,Sole,0,0,0,0,0,0,0,0,0,0,0,0,0,Sole,0,0,0,0,0,0,0,0,0,0,0,0,0,Sole,0,0,0,0,0,0,0,0,0,0,0,0,0,Sole,0,0,0,0,0,0,0,0,0,0,0,0,0,,,,,,,,,,,,,,,,,,,,,,,,,,,,,,,,,,,,,,,,,,,Sole,0,0,0,0,0,0,0,0,0,0,0,0,0
Maquéreau,12840.107767553563,10276.759965306606,26228.23919819673,2113.506453632761,4687.547273991836,218753.02450123464,1515.0519950509283,22496.955053292688,15578.204785010485,13891.70536090413,4362.09272622081,4362.09272622081,337105.2878066159,0.025871739351368446,Thon,0,0,0,0,0,0,0,0,0,4700.35918367347,0,0,4700.35918367347,Thon,0,0,0,0,0,0,0,0,0,0,0,0,0,Thon,0,0,0,0,0,0,0,0,0,0,0,0,0,Thon,0,0,0,0,0,0,0,0,0,0,0,0,0,,,,,,,,,,,,,,,,,,,,,,,,,,,,,,,,,,,,,,,,,,,Thon,0,0,0,0,0,0,0,0,0,4700.35918367347,0,0,4700.35918367347
Mulet,41740.598281053804,47008.724450534,90176.95169166123,244373.93562918028,90257.76314415297,47091.61250394008,97254.2778076925,68725.76429315549,94789.98419390853,207481.00115684394,76509.7938247904,76509.7938247904,1181920.2008017036,0.09070854856124452,Turbo,0,0,0,0,0,0,0,0,0,0,0,0,0,Turbo,0,0,0,0,0,0,0,0,0,0,0,0,0,Turbo,0,0,0,0,0,0,0,0,0,0,0,0,0,Turbo,0,0,0,0,0,0,0,0,0,0,0,0,0,,,,,,,,,,,,,,,,,,,,,,,,,,,,,,,,,,,,,,,,,,,Turbo,0,0,0,0,0,0,0,0,0,0,0,0,0
Raie,57.94699670862624,0,0,0,0,0,92.1570572210727,0,0,0,0,0,150.10405392969895,1.1520000128507947e-05,,,,,,,,,,,,,,,,,,,,,,,,,,,,,,,,,,,,,,,,,,,,,,,,,,,,,,,,,,,,,,,,,,,,,,,,,,,,,,,,,,,,,,,,,,,,,,,,,,,,,,,,,,,,,,,,
Requin,0,0,0,0,0,0,0,0,0,0,0,0,0,0,Efforts (jr),537.3333333333334,347.84415584415586,0,0,0,0,0,0,0,992,0,0,1877.1774891774892,Efforts (jr),0,0,0,0,0,0,0,0,0,0,0,0,0,Efforts (jr),0,0,0,0,0,0,0,0,0,0,0,0,0,Efforts (jr),0,0,0,0,0,0,0,0,0,0,0,0,0,,,,,,,,,,,,,,,,,,,,,,,,,,,,,,,,,,,,,,,,,,,Efforts (jr),537.3333333333334,347.84415584415586,0,0,0,0,0,0,0,992,0,0,1877.1774891774892
Sardine,1287097.2004813314,1263776.695025429,1796294.5535232772,413342.0899076053,1054472.9438986427,422447.7761229561,1183183.9850972441,1372318.609266348,1454560.368524045,238.09416373779163,484.9850560063215,484.9850560063215,10248702.286122628,0.7865547169596632,Captures (kg),96274.37500000001,38560.62585034013,0,0,0,0,0,0,0,105821.60000000002,0,0,240656.60085034015,Captures (kg),0,0,0,0,0,0,0,0,0,0,0,0,0,Captures (kg),0,0,0,0,0,0,0,0,0,0,0,0,0,Captures (kg),0,0,0,0,0,0,0,0,0,0,0,0,0,,,,,,,,,,,,,,,,,,,,,,,,,,,,,,,,,,,,,,,,,,,Captures (kg),96274.37500000001,38560.62585034013,0,0,0,0,0,0,0,105821.60000000002,0,0,240656.60085034015
Thon,34153.98389161832,8124.076020795218,101378.6949701311,5739.310473517854,12907.17451377572,227466.02973008362,4415.413742960103,15213.008146243965,23784.645153004716,14283.923563199403,11258.030065110364,11258.030065110364,469982.32033555076,0.03606962136544121,CPUE (kg/jr),43.133680555555564,30.233465608465604,0,0,0,0,0,0,0,23.70555555555556,0,0,32.35756723985891,CPUE (kg/jr),0,0,0,0,0,0,0,0,0,0,0,0,0,CPUE (kg/jr),0,0,0,0,0,0,0,0,0,0,0,0,0,CPUE (kg/jr),0,0,0,0,0,0,0,0,0,0,0,0,0,,,,,,,,,,,,,,,,,,,,,,,,,,,,,,,,,,,,,,,,,,,CPUE (kg/jr),10.783420138888891,7.558366402116401,0,0,0,0,0,0,0,5.92638888888889,0,0,8.089391809964727
Turbo,4509.000338757036,126.09707962157077,350.88836342190416,2100.841444747732,804.6700669948631,238.53545299456175,0,1798.881284536021,1968.2028230002052,492.3625914982223,3174.075774343593,3174.075774343593,18737.630994259303,0.001438052509647063,Nbre débarq.,26,36,0,0,0,0,0,0,0,8,0,0,70,Nbre débarq.,0,0,0,0,0,0,0,0,0,0,0,0,0,Nbre débarq.,0,0,0,0,0,0,0,0,0,0,0,0,0,Nbre débarq.,0,0,0,0,0,0,0,0,0,0,0,0,0,,,,,,,,,,,,,,,,,,,,,,,,,,,,,,,,,,,,,,,,,,,Nbre débarq.,26,36,0,0,0,0,0,0,0,8,0,0,70
,,,,,,,,,,,,,,,Taux échant.,0.023297491039426525,0.03225806451612903,0,0,0,0,0,0,0,0.007168458781362007,0,0,0.06272401433691756,Taux échant.,0,0,0,0,0,0,0,0,0,0,0,0,0,Taux échant.,0,0,0,0,0,0,0,0,0,0,0,0,0,Taux échant.,0,0,0,0,0,0,0,0,0,0,0,0,0,,,,,,,,,,,,,,,,,,,,,,,,,,,,,,,,,,,,,,,,,,,Taux échant.,0.005824372759856631,0.008064516129032258,0,0,0,0,0,0,0,0.0017921146953405018,0,0,0.0013067502986857825
Total,1412646.7449352308,1379792.695674428,2102674.4600762953,677139.1982785511,1192754.1981008188,1293748.2477616717,1298782.7031306224,1521118.8925823541,1625497.2809715485,275569.7431413947,125070.74125243459,125070.74125243459,13029865.647157783,,,,,,,,,,,,,,,,,,,,,,,,,,,,,,,,,,,,,,,,,,,,,,,,,,,,,,,,,,,,,,,,,,,,,,,,,,,,,,,,,,,,,,,,,,,,,,,,,,,,,,,,,,,,,,,,,
,,,,,,,8058755.5448269965,,,,,,126.13545183575089,0.009680487523926614,,,,,,,,,,,,,,,,,,,,,,,,,,,,,,,,,,,,,,,,,,,,,,,,,,,,,,,,,,,,,,,,,,,,,,,,,,,,,,,,,,,,,,,,,,,,,,,,,,,,,,,,,,,,,,,,
Démersaux,,,,,,,,,,,,,13029.865647157783,,,,,,,,,,,,,,,,,,,,,,,,,,,,,,,,,,,,,,,,,,,,,,,,,,,,,,,,,,,,,,,,,,,,,,,,,,,,,,,,,,,,,,,,,,,,,,,,,,,,,,,,,,,,,,,,,
Esspèces,Janvier,Février,Mars,Avril,Mai,Juin,Juillet,Août,Septembre,Octobre,Novembre,Décembre,Total,,,,,,,,,,,,,,,,,,,,,,,,,,,,,,,,,,,,,,,,,,,,,,,,,,,,,,,,,,,,,,,,,,,,,,,,,,,,,,,,,,,,,,,,,,,,,,,,,,,,,,,,,,,,,,,,,
Bars,117203.6320406832,280409.66276466404,133085.20775835804,70166.49830902307,71099.32668149841,51076.556256934935,59164.81962182328,34287.48852909836,43324.899251461444,62465.3557957852,44662.417657478,44662.417657478,1011608.282324286,0.40086540449811003,2093.8234155795417,,,,,,,,,,,,,,,,,,,,,,,,,,,,,,,,,,,,,,,,,,,,,,,,,,,,,,,,,,,,,,,,,,,,,,,,,,,,,,,,,,,,,,,,,,,,,,,,,,,,,,,,,,,,,,,
Bossu,52602.95462257416,48873.42504145848,55355.918138468056,112923.54868881401,74349.21370845,36827.564810059324,55518.025896373925,63320.94839413876,91506.79665665745,40271.224282024574,15391.893706422954,15391.893706422954,662333.4076518647,0.2624598414328366,,,,,,,,,,,,,,,,,,,,,,,,,,,,,,,,,,,,,,,,,,,,,,,,,,,,,,,,,,,,,,,,,,,,,,,,,,,,,,,,,,,,,,,,,,,,,,,,,,,,,,,,,,,,,,,,
Capitaine,76212.82091793125,67560.4877392866,36644.261136533336,22260.316147114005,18012.52869793757,21826.145590735072,23757.097167034,11834.88005137905,16842.04019243724,76215.89530772199,24357.626327640428,24357.626327640428,419881.725603391,0.1663846181534243,,,,,,,,,,,,,,,,,,,,,,,,,,,,,,,,,,,,,,,,,,,,,,,,,,,,,,,,,,,,,,,,,,,,,,,,,,,,,,,,,,,,,,,,,,,,,,,,,,,,,,,,,,,,,,,,
Disque,4167.362666778534,170.5687060473152,311.34095079857,1190.441536684819,2073.986251693484,432.81982470638206,186.57457263172535,490.5562335100247,3388.015614403438,649.9104133038502,2269.9494456244443,2269.9494456244443,17601.47566180703,0.006974856556850596,,,,,,,,,,,,,,,,,,,,,,,,,,,,,,,,,,,,,,,,,,,,,,,,,,,,,,,,,,,,,,,,,,,,,,,,,,,,,,,,,,,,,,,,,,,,,,,,,,,,,,,,,,,,,,,,
Divers,3883.2772505707,72.98727386933429,13.248327923491619,17050.70909041583,2969.399802515094,1533.795706753183,1413.5957774415967,117.76392436572971,6197.386585577364,0,0,0,33252.16373943232,0.013176683406761501,,,,,,,,,,,,,,,,,,,,,,,,,,,,,,,,,,,,,,,,,,,,,,,,,,,,,,,,,,,,,,,,,,,,,,,,,,,,,,,,,,,,,,,,,,,,,,,,,,,,,,,,,,,,,,,,
Dorade Grise,544.7928053781274,509.64000608782857,417.23185139914244,2080.053886157047,3809.4171482848287,392.49553950734673,535.9829381076146,1033.1846720024928,3080.727292683615,12347.806400801313,4273.567474998298,4273.567474998298,33298.46749040595,0.013195031983170126,,,,,,,,,,,,,,,,,,,,,,,,,,,,,,,,,,,,,,,,,,,,,,,,,,,,,,,,,,,,,,,,,,,,,,,,,,,,,,,,,,,,,,,,,,,,,,,,,,,,,,,,,,,,,,,,
Dorade Rose,8358.313899685158,15375.330497650843,3924.5881502299617,1764.8533924126941,5969.793198475882,3866.0771568342125,1369.965316305149,144.54348143911446,3557.664782835325,827.4220222393008,7048.572392048475,7048.572392048475,59255.69668220457,0.023480984917158575,,,,,,,,,,,,,,,,,,,,,,,,,,,,,,,,,,,,,,,,,,,,,,,,,,,,,,,,,,,,,,,,,,,,,,,,,,,,,,,,,,,,,,,,,,,,,,,,,,,,,,,,,,,,,,,,
Machoiron de mer,16537.390863721383,7835.594775786474,4450.8978862306285,4211.417856088368,6118.93111560175,3674.4061372904544,2416.2591290631303,3082.694531372642,5160.241703457863,16882.251657008284,12320.082666575818,12320.082666575818,95010.25098877262,0.03764927923145667,,,,,,,,,,,,,,,,,,,,,,,,,,,,,,,,,,,,,,,,,,,,,,,,,,,,,,,,,,,,,,,,,,,,,,,,,,,,,,,,,,,,,,,,,,,,,,,,,,,,,,,,,,,,,,,,
Merou,10072.926673790804,6142.594227360508,2813.8906631188256,1141.2663782179923,1068.4750039349678,46.02674896985418,5.985726666724497,0,2467.316998309571,762.9222149346592,5103.211727899312,5103.211727899312,34727.82809110253,0.013761438195321142,,,,,,,,,,,,,,,,,,,,,,,,,,,,,,,,,,,,,,,,,,,,,,,,,,,,,,,,,,,,,,,,,,,,,,,,,,,,,,,,,,,,,,,,,,,,,,,,,,,,,,,,,,,,,,,,
Rouge,19795.0683300772,36463.921859947244,7693.637789257724,2254.7812929521665,4463.951623370505,1355.7673171201714,1198.3154888585586,2781.1307490633226,9823.639178866817,7359.927645252199,23219.484847991036,23219.484847991036,139629.11097074798,0.05533019156426556,,,,,,,,,,,,,,,,,,,,,,,,,,,,,,,,,,,,,,,,,,,,,,,,,,,,,,,,,,,,,,,,,,,,,,,,,,,,,,,,,,,,,,,,,,,,,,,,,,,,,,,,,,,,,,,,
Sole,1374.2666999434311,1055.1784151367158,38.28353099787517,31.281568992045624,7991.688813105753,2744.039963749453,156.80574511250268,743.687235840258,1576.4950260879855,196.69492653128808,527.061090289801,527.061090289801,16962.54410607691,0.006721670060644887,,,,,,,,,,,,,,,,,,,,,,,,,,,,,,,,,,,,,,,,,,,,,,,,,,,,,,,,,,,,,,,,,,,,,,,,,,,,,,,,,,,,,,,,,,,,,,,,,,,,,,,,,,,,,,,,
Total,310752.80677113397,464469.39130729536,244748.50618331568,235075.16814687202,197926.7120448682,123775.69505266042,145723.4273794182,117836.87780220975,186925.2232827781,217979.41066560269,139173.86733696857,139173.86733696857,2523560.9533100915,,,,,,,,,,,,,,,,,,,,,,,,,,,,,,,,,,,,,,,,,,,,,,,,,,,,,,,,,,,,,,,,,,,,,,,,,,,,,,,,,,,,,,,,,,,,,,,,,,,,,,,,,,,,,,,,,
,,,,,,,,,,,,,2523.5609533100915,0.829709864084371,,,,,,,,,,,,,,,,,,,,,,,,,,,,,,,,,,,,,,,,,,,,,,,,,,,,,,,,,,,,,,,,,,,,,,,,,,,,,,,,,,,,,,,,,,,,,,,,,,,,,,,,,,,,,,,,
Crustacés,,,,,,,,,,,,,,,,,,,,,,,,,,,,,,,,,,,,,,,,,,,,,,,,,,,,,,,,,,,,,,,,,,,,,,,,,,,,,,,,,,,,,,,,,,,,,,,,,,,,,,,,,,,,,,,,,,,,,,,,,,,,,,
Esspèces,Janvier,Février,Mars,Avril,Mai,Juin,Juillet,Août,Septembre,Octobre,Novembre,Décembre,Total,,,,,,,,,,,,,,,,,,,,,,,,,,,,,,,,,,,,,,,,,,,,,,,,,,,,,,,,,,,,,,,,,,,,,,,,,,,,,,,,,,,,,,,,,,,,,,,,,,,,,,,,,,,,,,,,,
Crabe,128.13536369321122,99.77702889742146,10.560974068379357,0,217.10719236020745,8.401708145290844,29.53000894878117,0,0,4.926910521996888,0,0,498.4391866352884,0.3312676058109935,,,,,,,,,,,,,,,,,,,,,,,,,,,,,,,,,,,,,,,,,,,,,,,,,,,,,,,,,,,,,,,,,,,,,,,,,,,,,,,,,,,,,,,,,,,,,,,,,,,,,,,,,,,,,,,,
Crevette,0,0,0,0,0,0,0,63.307884875874755,914.8667083042976,0,0,0,978.1745931801723,0.6501044946633358,,,,,,,,,,,,,,,,,,,,,,,,,,,,,,,,,,,,,,,,,,,,,,,,,,,,,,,,,,,,,,,,,,,,,,,,,,,,,,,,,,,,,,,,,,,,,,,,,,,,,,,,,,,,,,,,
Langouste,0,0,4.950456594552823,0,0,0,0,0,0,19.70764208798755,1.6851116050868553,1.6851116050868553,28.028321892714086,0.01862789952567084,,,,,,,,,,,,,,,,,,,,,,,,,,,,,,,,,,,,,,,,,,,,,,,,,,,,,,,,,,,,,,,,,,,,,,,,,,,,,,,,,,,,,,,,,,,,,,,,,,,,,,,,,,,,,,,,
Total,128.13536369321122,99.77702889742146,15.511430662932181,0,217.10719236020745,8.401708145290844,29.53000894878117,63.307884875874755,914.8667083042976,24.63455260998444,1.6851116050868553,1.6851116050868553,1504.6421017081748,,,,,,,,,,,,,,,,,,,,,,,,,,,,,,,,,,,,,,,,,,,,,,,,,,,,,,,,,,,,,,,,,,,,,,,,,,,,,,,,,,,,,,,,,,,,,,,,,,,,,,,,,,,,,,,,,
,Production (tonnes),,,,,,,,,,,,1.5046421017081748,,,,,,,,,,,,,,,,,,,,,,,,,,,,,,,,,,,,,,,,,,,,,,,,,,,,,,,,,,,,,,,,,,,,,,,,,,,,,,,,,,,,,,,,,,,,,,,,,,,,,,,,,,,,,,,,,
Pélagiques,13029.865647157783,0.8376678394757935,,,,,,,,,,,,,,,,,,,,,,,,,,,,,,,,,,,,,,,,,,,,,,,,,,,,,,,,,,,,,,,,,,,,,,,,,,,,,,,,,,,,,,,,,,,,,,,,,,,,,,,,,,,,,,,,,,,,,,,,,,,,
Démersaux,2523.5609533100915,0.16223542964971754,,,,,,,,,,,,,,,,,,,,,,,,,,,,,,,,,,,,,,,,,,,,,,,,,,,,,,,,,,,,,,,,,,,,,,,,,,,,,,,,,,,,,,,,,,,,,,,,,,,,,,,,,,,,,,,,,,,,,,,,,,,,
Crustacés,1.5046421017081748,9.673087448888116e-05,,,,,,,,,,,,,,,,,,,,,,,,,,,,,,,,,,,,,,,,,,,,,,,,,,,,,,,,,,,,,,,,,,,,,,,,,,,,,,,,,,,,,,,,,,,,,,,,,,,,,,,,,,,,,,,,,,,,,,,,,,,,
Total,15554.931242569584,1,,,,,,,,,,,,,,,,,,,,,,,,,,,,,,,,,,,,,,,,,,,,,,,,,,,,,,,,,,,,,,,,,,,,,,,,,,,,,,,,,,,,,,,,,,,,,,,,,,,,,,,,,,,,,,,,,,,,,,,,,,,,
