Aviation,Unnamed: 1,Unnamed: 2,Unnamed: 3,Unnamed: 4,Unnamed: 5,Unnamed: 6,Unnamed: 7,Unnamed: 8,Unnamed: 9,Unnamed: 10,Unnamed: 11,Unnamed: 12,Unnamed: 13,Aviation.1,Unnamed: 16,Unnamed: 17,Unnamed: 18,Unnamed: 19,Unnamed: 20,Unnamed: 21,Unnamed: 22,Unnamed: 23,Unnamed: 24,Unnamed: 25,Unnamed: 26,Unnamed: 27,Unnamed: 28,Aviation.2,Unnamed: 31,Unnamed: 32,Unnamed: 33,Unnamed: 34,Unnamed: 35,Unnamed: 36,Unnamed: 37,Unnamed: 38,Unnamed: 39,Unnamed: 40,Unnamed: 41,Unnamed: 42,Unnamed: 43,Aviation.3,Unnamed: 46,Unnamed: 47,Unnamed: 48,Unnamed: 49,Unnamed: 50,Unnamed: 51,Unnamed: 52,Unnamed: 53,Unnamed: 54,Unnamed: 55,Unnamed: 56,Unnamed: 57,Unnamed: 58,Aviation.4,Unnamed: 61,Unnamed: 62,Unnamed: 63,Unnamed: 64,Unnamed: 65,Unnamed: 66,Unnamed: 67,Unnamed: 68,Unnamed: 69,Unnamed: 70,Unnamed: 71,Unnamed: 72,Unnamed: 73,Libreville,Unnamed: 76,Unnamed: 77,Unnamed: 78,Unnamed: 79,Unnamed: 80,Unnamed: 81,Unnamed: 82,Unnamed: 83,Unnamed: 84,Unnamed: 85,Unnamed: 86,Unnamed: 87,Unnamed: 88,Libreville.1,Unnamed: 91,Unnamed: 92,Unnamed: 93,Unnamed: 94,Unnamed: 95,Unnamed: 96,Unnamed: 97,Unnamed: 98,Unnamed: 99,Unnamed: 100,Unnamed: 101,Unnamed: 102,Unnamed: 103,Aviation.5,Unnamed: 106,Unnamed: 107,Unnamed: 108,Unnamed: 109,Unnamed: 110,Unnamed: 111,Unnamed: 112,Unnamed: 113,Unnamed: 114,Unnamed: 115,Unnamed: 116,Unnamed: 117,Unnamed: 118
Filet maillant de fond,,,,,,,,,,,,,,Filet maillant dérivant,,,,,,,,,,,,,,Filet mulet,,,,,,,,,,,,,,Filet sardine,,,,,,,,,,,,,,Ligne à main,,,,,,,,,,,,,,Ligne de fond,,,,,,,,,,,,,,Senne Tournante,,,,,,,,,,,,,,Total,,,,,,,,,,,,,
Espèces,Janvier,Février,Mars,Avril,Mai,Juin,Juillet,Août,Septembre,Octobre,Novembre,Décembre,Total,Espèces,Janvier,Février,Mars,Avril,Mai,Juin,Juillet,Août,Septembre,Octobre,Novembre,Décembre,Total,Espèces,Janvier,Février,Mars,Avril,Mai,Juin,Juillet,Août,Septembre,Octobre,Novembre,Décembre,Total,Espèces,Janvier,Février,Mars,Avril,Mai,Juin,Juillet,Août,Septembre,Octobre,Novembre,Décembre,Total,Espèces,Janvier,Février,Mars,Avril,Mai,Juin,Juillet,Août,Septembre,Octobre,Novembre,Décembre,Total,Espèces,Janvier,Février,Mars,Avril,Mai,Juin,Juillet,Août,Septembre,Octobre,Novembre,Décembre,Total,Espèces,Janvier,Février,Mars,Avril,Mai,Juin,Juillet,Août,Septembre,Octobre,Novembre,Décembre,Total,Espèces,Janvier,Février,Mars,Avril,Mai,Juin,Juillet,Août,Septembre,Octobre,Novembre,Décembre,Total
Banane de Mer,276.263599142133,0,0,,,0,,,,,,,276.263599142133,Banane de Mer,0,0,0,0,0,0,,,,,,,0,Banane de Mer,,,,,,,,,,,,,0,Banane de Mer,0,0,0,0,0,0,,,,,,,0,Banane de Mer,,,,,,,,,,,,,,Banane de Mer,,,,,,,,,,,,,,Banane de Mer,,,,,,,,,,,,,,Banane de Mer,276.263599142133,0,0,0,0,0,0,0,0,0,0,0,276.263599142133
Barbillon,359.1426788847729,0,0,,,0,,,,,,,359.1426788847729,Barbillon,133.46967623947194,167.47058375054007,60.72018883917877,64.60760369772157,80.52419296610955,0,,,,,,,0,Barbillon,,,,,,,,,,,,,0,Barbillon,0,0,0,233.82316023526045,0,0,,,,,,,233.82316023526045,Barbillon,,,,,,,,,,,,,,Barbillon,,,,,,,,,,,,,,Barbillon,,,,,,,,,,,,,,Barbillon,492.61235512424486,167.47058375054007,60.72018883917877,298.430763932982,80.52419296610955,0,0,0,0,0,0,0,1099.7580846130552
Bars,5387.140183271593,3880.973476914755,10862.81835084533,,,46791.11111111112,,,,,,,66922.04312214279,Bars,7753.374828820234,5295.419858192077,1940.4060346433216,1398.8058959316224,2154.0221618434302,689.8561486962648,,,,,,,0,Bars,,,,,,,,,,,,,0,Bars,8583.111111111111,472.81278115903683,1087.9999999999998,3086.465715105438,500.14118371193905,1186.2960784905665,,,,,,,14916.826869578092,Bars,,,,,,,,,,,,,,Bars,,,,,,,,,,,,,,Bars,,,,,,,,,,,,,,Bars,21723.626123202936,9649.206116265868,13891.224385488651,4485.27161103706,2654.1633455553692,48667.26333829795,0,0,0,0,0,0,101070.75491984782
Bécune,6809.897718853578,5839.154623321592,5118.0586460713575,,,22058.66666666667,,,,,,,39825.777654913196,Bécune,1854.0151390355736,1366.559963404407,423.72131776905184,91.27105919201937,919.9889046378015,219.23394556025363,,,,,,,0,Bécune,,,,,,,,,,,,,0,Bécune,0,0,1155.9999999999998,3264.1713168842357,12325.701616367565,384.2930958490567,,,,,,,17130.16602910086,Bécune,,,,,,,,,,,,,,Bécune,,,,,,,,,,,,,,Bécune,,,,,,,,,,,,,,Bécune,8663.912857889152,7205.714586725999,6697.779963840409,3355.442376076255,13245.690521005366,22662.19370807598,0,0,0,0,0,0,61830.73401361317
Bossu,497.27447845583936,572.119190365853,1007.1981300577744,,,0,,,,,,,2076.5917988794668,Bossu,812.9516643676927,499.0623395766094,205.920640411128,325.0890535266308,960.2510011208565,175.38715644820292,,,,,,,0,Bossu,,,,,,,,,,,,,0,Bossu,967.1111111111112,3367.349563376555,1087.9999999999998,1543.232857552719,288.97046170023145,0,,,,,,,7254.663993740617,Bossu,,,,,,,,,,,,,,Bossu,,,,,,,,,,,,,,Bossu,,,,,,,,,,,,,,Bossu,2277.3372539346433,4438.531093319018,2301.118770468902,1868.3219110793498,1249.221462821088,175.38715644820292,0,0,0,0,0,0,12309.917648071203
Capitaine,856.4171573406123,1521.719083653506,2096.464255898034,,,43448.8888888889,,,,,,,47923.48938578105,Capitaine,1543.39480160553,1088.5587943785104,600.60186786579,323.03801848860786,229.49394995341223,26.308073467230436,,,,,,,0,Capitaine,,,,,,,,,,,,,0,Capitaine,0,0,0,20576.43810070292,22228.497053863957,1253.129660377359,,,,,,,44058.064814944235,Capitaine,,,,,,,,,,,,,,Capitaine,,,,,,,,,,,,,,Capitaine,,,,,,,,,,,,,,Capitaine,2399.811958946142,2610.2778780320164,2697.066123763824,20899.476119191528,22457.99100381737,44728.32662273349,0,0,0,0,0,0,95792.94970648436
Carangue,0,0,0,,,0,,,,,,,0,Carangue,46.10770633727213,0,0,0,0,0,,,,,,,0,Carangue,,,,,,,,,,,,,0,Carangue,0,0,0,0,0,0,,,,,,,0,Carangue,,,,,,,,,,,,,,Carangue,,,,,,,,,,,,,,Carangue,,,,,,,,,,,,,,Carangue,46.10770633727213,0,0,0,0,0,0,0,0,0,0,0,46.10770633727213
Carpe,0,35.38881589891874,0,,,0,,,,,,,35.38881589891874,Carpe,0,0,64.68020115477738,0,0,0,,,,,,,0,Carpe,,,,,,,,,,,,,0,Carpe,0,0,0,0,0,0,,,,,,,0,Carpe,,,,,,,,,,,,,,Carpe,,,,,,,,,,,,,,Carpe,,,,,,,,,,,,,,Carpe,0,35.38881589891874,64.68020115477738,0,0,0,0,0,0,0,0,0,100.06901705369611
Ceinture,0,0,0,,,0,,,,,,,0,Ceinture,0,0,71.28022168077509,0,0,0,,,,,,,0,Ceinture,,,,,,,,,,,,,0,Ceinture,0,0,0,0,0,0,,,,,,,0,Ceinture,,,,,,,,,,,,,,Ceinture,,,,,,,,,,,,,,Ceinture,,,,,,,,,,,,,,Ceinture,0,0,71.28022168077509,0,0,0,0,0,0,0,0,0,71.28022168077509
Crabe,0,0,171.5967184542875,,,0,,,,,,,171.5967184542875,Crabe,0,0,0,0,0,0,,,,,,,0,Crabe,,,,,,,,,,,,,0,Crabe,0,0,0,0,44.456994107727915,0,,,,,,,44.456994107727915,Crabe,,,,,,,,,,,,,,Crabe,,,,,,,,,,,,,,Crabe,,,,,,,,,,,,,,Crabe,0,0,171.5967184542875,0,44.456994107727915,0,0,0,0,0,0,0,216.05371256201542
Crevette,0,0,0,,,0,,,,,,,0,Crevette,0,0,0,0,0,0,,,,,,,0,Crevette,,,,,,,,,,,,,0,Crevette,0,0,0,0,0,0,,,,,,,0,Crevette,,,,,,,,,,,,,,Crevette,,,,,,,,,,,,,,Crevette,,,,,,,,,,,,,,Crevette,0,0,0,0,0,0,0,0,0,0,0,0,0
Disque,0,235.92543932612494,186.5181722329212,,,0,,,,,,,422.44361155904613,Disque,0,73.68705685023764,39.600123155986154,0,0,0,,,,,,,0,Disque,,,,,,,,,,,,,0,Disque,0,0,407.99999999999994,93.52926409410418,222.28497053863958,0,,,,,,,723.8142346327437,Disque,,,,,,,,,,,,,,Disque,,,,,,,,,,,,,,Disque,,,,,,,,,,,,,,Disque,0,309.6124961763626,634.1182953889073,93.52926409410418,222.28497053863958,0,0,0,0,0,0,0,1259.5450261980136
Divers,469.6481185416261,0,0,,,0,,,,,,,469.6481185416261,Divers,12.133606930861085,16.747058375054007,0,0,0,0,,,,,,,0,Divers,,,,,,,,,,,,,0,Divers,0,0,0,467.6463204705209,177.82797643091166,0,,,,,,,645.4742969014326,Divers,,,,,,,,,,,,,,Divers,,,,,,,,,,,,,,Divers,,,,,,,,,,,,,,Divers,481.7817254724872,16.747058375054007,0,467.6463204705209,177.82797643091166,0,0,0,0,0,0,0,1144.0030807489736
Dorade Grise,0,890.6185334561217,0,,,0,,,,,,,890.6185334561217,Dorade Grise,279.072959409805,140.67529035045365,258.7208046191095,75.88829640684756,60.39314472458216,0,,,,,,,0,Dorade Grise,,,,,,,,,,,,,0,Dorade Grise,0,0,0,56.117558456462504,333.42745580795935,0,,,,,,,389.54501426442187,Dorade Grise,,,,,,,,,,,,,,Dorade Grise,,,,,,,,,,,,,,Dorade Grise,,,,,,,,,,,,,,Dorade Grise,279.072959409805,1031.2938238065753,258.7208046191095,132.00585486331005,393.8206005325415,0,0,0,0,0,0,0,2094.9140432313416
Dorade Rose,0,0,0,,,0,,,,,,,0,Dorade Rose,0,0,35.64011084038754,0,0,0,,,,,,,0,Dorade Rose,,,,,,,,,,,,,0,Dorade Rose,0,0,0,0,0,0,,,,,,,0,Dorade Rose,,,,,,,,,,,,,,Dorade Rose,,,,,,,,,,,,,,Dorade Rose,,,,,,,,,,,,,,Dorade Rose,0,0,35.64011084038754,0,0,0,0,0,0,0,0,0,35.64011084038754
Langouste,0,0,0,,,0,,,,,,,0,Langouste,0,0,0,0,0,0,,,,,,,0,Langouste,,,,,,,,,,,,,0,Langouste,0,0,0,0,0,0,,,,,,,0,Langouste,,,,,,,,,,,,,,Langouste,,,,,,,,,,,,,,Langouste,,,,,,,,,,,,,,Langouste,0,0,0,0,0,0,0,0,0,0,0,0,0
Machoiron de mer,89.78566972119323,53.08322384837811,559.5545166987636,,,14037.333333333334,,,,,,,14739.756743601669,Machoiron de mer,313.047058816216,438.7729294264149,225.7207019891211,155.87866288974092,140.9173376906917,0,,,,,,,0,Machoiron de mer,,,,,,,,,,,,,0,Machoiron de mer,0,69.19211431595662,1631.9999999999998,112.23511691292501,500.14118371193905,100.25037283018871,,,,,,,2413.818787771009,Machoiron de mer,,,,,,,,,,,,,,Machoiron de mer,,,,,,,,,,,,,,Machoiron de mer,,,,,,,,,,,,,,Machoiron de mer,402.83272853740925,561.0482675907497,2417.2752186878843,268.11377980266593,641.0585214026307,14137.583706163523,0,0,0,0,0,0,18427.912222184863
Maquéreau,2009.8176837590174,2949.067991576562,2976.830028837422,,,8021.333333333335,,,,,,,15957.049037506336,Maquéreau,1109.0116734807032,596.1952781519226,159.72049672914417,16.408280304183258,1028.6965651420494,116.92477096546861,,,,,,,0,Maquéreau,,,,,,,,,,,,,0,Maquéreau,0,115.32019052659436,2515.9999999999995,56.117558456462504,2534.0486641404914,0,,,,,,,5221.486413123548,Maquéreau,,,,,,,,,,,,,,Maquéreau,,,,,,,,,,,,,,Maquéreau,,,,,,,,,,,,,,Maquéreau,3118.8293572397206,3660.5834602550785,5652.550525566566,72.52583876064577,3562.745229282541,8138.258104298803,0,0,0,0,0,0,24205.492515403355
Merou,0,0,0,,,19384.888888888894,,,,,,,19384.888888888894,Merou,0,0,0,0,0,0,,,,,,,0,Merou,,,,,,,,,,,,,0,Merou,0,0,0,0,0,0,,,,,,,0,Merou,,,,,,,,,,,,,,Merou,,,,,,,,,,,,,,Merou,,,,,,,,,,,,,,Merou,0,0,0,0,0,19384.888888888894,0,0,0,0,0,0,19384.888888888894
Mulet,0,7643.984234166448,0,,,30748.44444444445,,,,,,,38392.4286786109,Mulet,0,1383.307021779461,2667.728296608267,0,20.131048241527388,0,,,,,,,0,Mulet,,,,,,,,,,,,,0,Mulet,0,0,0,0,18360.73856649163,17669.12821132076,,,,,,,36029.86677781239,Mulet,,,,,,,,,,,,,,Mulet,,,,,,,,,,,,,,Mulet,,,,,,,,,,,,,,Mulet,0,9027.29125594591,2667.728296608267,0,18380.869614733158,48417.57265576521,0,0,0,0,0,0,78493.46182305255
Raie,0,0,0,,,0,,,,,,,0,Raie,19.413771089377736,0,0,0,0,0,,,,,,,0,Raie,,,,,,,,,,,,,0,Raie,0,0,0,0,0,0,,,,,,,0,Raie,,,,,,,,,,,,,,Raie,,,,,,,,,,,,,,Raie,,,,,,,,,,,,,,Raie,19.413771089377736,0,0,0,0,0,0,0,0,0,0,0,19.413771089377736
Requin,0,0,0,,,0,,,,,,,0,Requin,0,0,0,0,0,0,,,,,,,0,Requin,,,,,,,,,,,,,0,Requin,0,0,0,0,0,0,,,,,,,0,Requin,,,,,,,,,,,,,,Requin,,,,,,,,,,,,,,Requin,,,,,,,,,,,,,,Requin,0,0,0,0,0,0,0,0,0,0,0,0,0
Rouge,0,88.47203974729685,0,,,0,,,,,,,88.47203974729685,Rouge,48.53442772344434,66.98823350021603,72.60022578597462,0,0,0,,,,,,,0,Rouge,,,,,,,,,,,,,0,Rouge,0,0,0,0,0,0,,,,,,,0,Rouge,,,,,,,,,,,,,,Rouge,,,,,,,,,,,,,,Rouge,,,,,,,,,,,,,,Rouge,48.53442772344434,155.46027324751287,72.60022578597462,0,0,0,0,0,0,0,0,0,276.59492675693184
Sardine,28317.018912068634,8534.60276762257,26261.758650395303,,,0,,,,,,,63113.38033008651,Sardine,97.06885544688868,0,7.92002463119723,18807.99129867006,21373.133918029627,9704.755990133895,,,,,,,0,Sardine,,,,,,,,,,,,,0,Sardine,7132.444444444445,83134.32535062188,97919.99999999999,34792.88624300675,11558.818468009258,52464.361781132095,,,,,,,287002.8362872144,Sardine,,,,,,,,,,,,,,Sardine,,,,,,,,,,,,,,Sardine,,,,,,,,,,,,,,Sardine,35546.532211959966,91668.92811824444,124189.67867502649,53600.87754167681,32931.95238603889,62169.11777126599,0,0,0,0,0,0,400107.0867042126
Sole,0,0,0,,,2005.3333333333337,,,,,,,2005.3333333333337,Sole,36.400820792583254,0,36.96011494558708,0,0,0,,,,,,,0,Sole,,,,,,,,,,,,,0,Sole,0,0,0,0,0,0,,,,,,,0,Sole,,,,,,,,,,,,,,Sole,,,,,,,,,,,,,,Sole,,,,,,,,,,,,,,Sole,36.400820792583254,0,36.96011494558708,0,0,2005.3333333333337,0,0,0,0,0,0,2078.694269071504
Thon,4213.019886917528,4075.6119643588086,3849.7350748874933,,,26737.77777777778,,,,,,,38876.14470394161,Thon,701.3224806037707,432.0741060763934,215.16066914752477,56.40346354562995,748.8749945848188,128.61724806201548,,,,,,,0,Thon,,,,,,,,,,,,,0,Thon,0,0,1019.9999999999999,916.5867881222209,1678.2515275667288,0,,,,,,,3614.8383156889495,Thon,,,,,,,,,,,,,,Thon,,,,,,,,,,,,,,Thon,,,,,,,,,,,,,,Thon,4914.342367521299,4507.686070435202,5084.895744035018,972.9902516678509,2427.1265221515478,26866.395025839796,0,0,0,0,0,0,44773.43598165071
Turbo,0,206.43475941035933,0,,,0,,,,,,,206.43475941035933,Turbo,0,117.22940862537806,0,0,0,0,,,,,,,0,Turbo,,,,,,,,,,,,,0,Turbo,0,0,0,0,0,0,,,,,,,0,Turbo,,,,,,,,,,,,,,Turbo,,,,,,,,,,,,,,Turbo,,,,,,,,,,,,,,Turbo,0,323.66416803573736,0,0,0,0,0,0,0,0,0,0,323.66416803573736
,,,,,,,,,,,,,,,,,,,,,,,,,,,,,,,,,,,,,,,,,,,,,,,,,,,,,,,,,,,,,,,,,,,,,,,,,,,,,,,,,,,,,,,,,,,,,,,,,,,,,,,,,,,,,,,0
Efforts (jr),452.70903010033453,328.59130434782605,297.4945054945054,,,2256,,,,,,,3334.794839942666,Efforts (jr),32.5319693094629,41.26315789473685,32.93233082706765,64.61538461538461,29.999999999999996,100,,,,,,,301.342842646652,Efforts (jr),,,,,,,,,,,,,0,Efforts (jr),408,175.44000000000003,408,106.85714285714286,129.52380952380952,106.08000000000004,,,,,,,1333.9009523809523,Efforts (jr),,,,,,,,,,,,,,Efforts (jr),,,,,,,,,,,,,,Efforts (jr),,,,,,,,,,,,,,Efforts (jr),893.2409994097975,545.294462242563,738.4268363215731,171.47252747252747,159.52380952380952,2462.08,0,0,0,0,0,0,4970.03863497027
Captures (kg),49285.426086956526,36527.15614366729,53090.532544378686,,,213233.7777777778,,,,,,,352136.89255278034,Captures (kg),14759.319470699424,11682.747922437675,7087.102040816322,21315.38163265306,27716.427218934907,11061.08333333333,,,,,,,93622.06161887471,Captures (kg),,,,,,,,,,,,,0,Captures (kg),16682.666666666668,87159.00000000001,106827.99999999999,65199.25000000002,70753.30612244898,73057.45920000003,,,,,,,419679.6819891157,Captures (kg),,,,,,,,,,,,,,Captures (kg),,,,,,,,,,,,,,Captures (kg),,,,,,,,,,,,,,Captures (kg),80727.41222432262,135368.90406610497,167005.634585195,86514.63163265308,98469.7333413839,297352.32031111117,0,0,0,0,0,0,865438.6361607707
CPUE (kg/jr),62.80833333333334,46.54945652173913,76.4823717948718,,,35.44444444444444,,,,,,,55.32115152359718,CPUE (kg/jr),117.8695652173913,77.07368421052632,68.90238095238094,207.232876984127,250.2177457264957,92.17569444444443,,,,,,,135.57865792256095,CPUE (kg/jr),,,,,,,,,,,,,,CPUE (kg/jr),15.333333333333334,178.02083333333334,130.91666666666666,159.80208333333334,151.73809523809524,186.5233333333333,,,,,,,137.0557242063492,CPUE (kg/jr),,,,,,,,,,,,,,CPUE (kg/jr),,,,,,,,,,,,,,CPUE (kg/jr),,,,,,,,,,,,,,CPUE (kg/jr),65.337077294686,100.5479913551996,92.10047313797311,183.51748015873017,200.97792048229547,104.71449074074071,0,0,0,0,0,0,62.266286097468765
Nbre débarq.,60,67,48,,,3,,,,,,,178,Nbre débarq.,53,49,73,98,52,40,,,,,,,365,Nbre débarq.,,,,,,,,,,,,,0,Nbre débarq.,9,43,12,44,40,52,,,,,,,200,Nbre débarq.,,,,,,,,,,,,,,Nbre débarq.,,,,,,,,,,,,,,Nbre débarq.,,,,,,,,,,,,,,Nbre débarq.,122,159,133,142,92,95,0,0,0,0,0,0,743
Taux échant.,0.0797872340425532,0.08909574468085106,0.06382978723404255,,,0.003989361702127659,,,,,,,0.05917553191489361,Taux échant.,0.44166666666666665,0.4083333333333333,0.6083333333333333,0.8166666666666667,0.43333333333333335,0.3333333333333333,,,,,,,0.5069444444444444,Taux échant.,,,,,,,,,,,,,,Taux échant.,0.022058823529411766,0.1053921568627451,0.029411764705882353,0.10784313725490197,0.09803921568627451,0.12745098039215685,,,,,,,0.08169934640522876,Taux échant.,,,,,,,,,,,,,,Taux échant.,,,,,,,,,,,,,,Taux échant.,,,,,,,,,,,,,,Taux échant.,0.18117090807954386,0.20094041162564316,0.23385829509108605,0.46225490196078434,0.2656862745098039,0.1549245584758726,0,0,0,0,0,0,0.1249029458118945
Libreville,,,,,,,,,,,,,,Libreville,,,,,,,,,,,,,,Libreville,,,,,,,,,,,,,,Libreville,,,,,,,,,,,,,,Libreville,,,,,,,,,,,,,,Libreville,,,,,,,,,,,,,,Libreville,,,,,,,,,,,,,,Libreville,,,,,,,,,,,,,
Filet maillant de fond,,,,,,,,,,,,,,Filet maillant dérivant,,,,,,,,,,,,,,Filet mulet,,,,,,,,,,,,,,Filet sardine,,,,,,,,,,,,,,Ligne à main,,,,,,,,,,,,,,Ligne de fond,,,,,,,,,,,,,,Senne Tournante,,,,,,,,,,,,,,Total,,,,,,,,,,,,,
Espèces,Janvier,Février,Mars,Avril,Mai,Juin,Juillet,Août,Septembre,Octobre,Novembre,Décembre,Total,Espèces,Janvier,Février,Mars,Avril,Mai,Juin,Juillet,Août,Septembre,Octobre,Novembre,Décembre,Total,Espèces,Janvier,Février,Mars,Avril,Mai,Juin,Juillet,Août,Septembre,Octobre,Novembre,Décembre,Total,Espèces,Janvier,Février,Mars,Avril,Mai,Juin,Juillet,Août,Septembre,Octobre,Novembre,Décembre,Total,Espèces,Janvier,Février,Mars,Avril,Mai,Juin,Juillet,Août,Septembre,Octobre,Novembre,Décembre,Total,Espèces,Janvier,Février,Mars,Avril,Mai,Mai,Juin,Juillet,Septembre,Octobre,Novembre,Décembre,Total,Espèces,Janvier,Février,Mars,Avril,Mai,Juin,Juillet,Août,Septembre,Octobre,Novembre,Décembre,Total,Espèces,Janvier,Février,Mars,Avril,Mai,Juin,Juillet,Août,Septembre,Octobre,Novembre,Décembre,Total
Banane de Mer,0,0,0,0,0,0,0,,,,,,0,Banane de Mer,0,0,0,0.7803378933493953,0,0,0,,,,,,0,Banane de Mer,0,,,0,0,0,0,,,,,,0,Banane de Mer,0,0,0,0,0,0,,,,,,,0,Banane de Mer,,,,,,,,,,,,,,Banane de Mer,0,0,0,231.96425348893166,0,0,0,0,,,,,231.96425348893166,Banane de Mer,0,0,0,0,0,0,0,,,,,,0,Banane de Mer,0,0,0,232.74459138228104,0,0,0,0,0,0,0,0,232.74459138228104
Barbillon,0,83.57549181880132,33.936795737839184,0,0,0,0,,,,,,117.5122875566405,Barbillon,18.37233263052021,52.37199025743006,35.16739006022002,16.3870957603373,28.70710610974053,33.89966243578974,0,,,,,,0,Barbillon,0,,,185.86106738906193,0,0,0,,,,,,185.86106738906193,Barbillon,720.5259717096812,0,113.16940736764005,0,0,0,,,,,,,833.6953790773213,Barbillon,,,,,,,,,,,,,,Barbillon,0,0,0,0,0,0,0,0,,,,,0,Barbillon,233.53631874527676,18.598566800319507,0,0,0,0,0,,,,,,252.13488554559626,Barbillon,972.4346230854782,154.54604887655088,182.27359316569925,202.24816314939923,28.70710610974053,33.89966243578974,0,0,0,0,0,0,1574.1091968226576
Bars,35559.820641066595,16942.25226460111,7800.1045782707215,19055.06556249909,43751.29000089474,49589.2223154633,351459.5854027208,,,,,,524157.34076551633,Bars,4962.649694774747,10465.571311554986,8136.016582745925,3087.4068750368824,6793.0582091016,2462.284446715432,15454.884108758562,,,,,,15454.884108758562,Bars,0,,,3153.442776701084,0,75.94245283018869,0,,,,,,3229.3852295312727,Bars,3080.6161443505757,8222.255139080018,2685.201392995823,8549.434602662177,306.81857680630645,0,,,,,,,22844.3258558949,Bars,,,,,,,,,,,,,,Bars,346.52726440226445,81.0442367373118,743.4852526359435,22.60164521174206,77.94098813056381,77.94098813056381,111.09997495817007,0,,,,,1460.6403502065596,Bars,1692.3800761021355,2049.562061395209,0,145.63228906400155,1446.2710828937113,426.52578634824187,0,,,,,,5760.371295803299,Bars,45641.99382069631,37760.68501336864,19364.807806648412,34013.58375117498,52375.37885782692,52631.91598948772,367025.56948643754,0,0,0,0,0,608813.9347256406
Bécune,4074.8887937571467,2588.697285054154,1446.7791867184073,4426.550624189718,2817.2195638558337,8803.517743037104,67521.79226948823,,,,,,91679.44546610059,Bécune,278.4115021701909,233.61438350786221,452.1054238439448,506.43929278375754,43.06065916461079,118.99950468839296,438.17745848813405,,,,,,438.17745848813405,Bécune,0,,,117.71200934640588,0,0,0,,,,,,117.71200934640588,Bécune,0,163.30198885958325,411.5251177005092,467.8795056183281,306.81857680630645,0,,,,,,,1349.525188984727,Bécune,,,,,,,,,,,,,,Bécune,744.4495837495839,444.20448743362033,88.17614856059708,3154.7138474494704,2176.5742611275964,2176.5742611275964,2164.227512185153,2544,,,,,13492.920101633617,Bécune,13.648226420178512,0,0,0,0,0,0,,,,,,13.648226420178512,Bécune,5111.3981060971,3429.8181448552195,2398.5858768234584,8673.29527938768,5343.6730609543465,11099.091508853093,70124.19724016152,2544,0,0,0,0,108724.05921713241
Bossu,4982.506113411197,3808.0422810771784,3627.6648496605994,3182.1769508659995,5400.7527122766205,7036.081102465601,11426.7648456057,,,,,,39463.98885536289,Bossu,2248.490862704435,3851.989305900418,1902.882940770091,2001.9568653878734,5056.278289462298,1357.6230328595245,5600.455641301463,,,,,,5600.455641301463,Bossu,0,,,322.15918347437395,135.58378911731688,472.53081761006297,0,,,,,,930.2737902017539,Bossu,27232.94080829244,42621.81909235123,34022.8391058896,31560.599378981766,53276.85430115222,53366.10122368018,,,,,,,242081.15391034746,Bossu,,,,,,,,,,,,,,Bossu,0,28.724539603097853,83.16614011965406,211.741728825794,127.97717804154304,127.97717804154304,500.6905538114865,0,,,,,1080.2773184431185,Bossu,9391.496246685057,14134.910768242824,161391.99999999997,23213.78687680185,55611.45583255819,15326.493256113494,214238.65909090906,,,,,,493308.80207131046,Bossu,43855.43403109313,64445.48598717475,201028.55303643993,60492.42098433766,119608.90210260818,77686.8066107704,231766.57013162773,0,0,0,0,0,798884.1728840518
Capitaine,14171.34904618461,10639.802996932014,6537.298547394285,16167.35871753412,29665.192181615577,35752.71832927497,150625.53660116607,,,,,,263559.2564201016,Capitaine,542.3371266893946,1577.0442010102538,1537.551007284038,965.2779740732019,1683.1933215677861,461.0354091267405,3824.924064719337,,,,,,3824.924064719337,Capitaine,0,,,2961.386340399053,50.21621819159884,548.4732704402516,0,,,,,,3560.075829030903,Capitaine,110.28458750658386,0,720.1689559758912,176518.17711964194,84375.10862173428,44298.03324231265,,,,,,,306021.77252717136,Capitaine,,,,,,,,,,,,,,Capitaine,6.22970362970363,113.87228199799506,194.38832750858901,0,24.05586053412463,24.05586053412463,143.68930094589996,0,,,,,506.2913351504369,Capitaine,341.2056605044628,106.01183076182117,0,36524.57809725159,41988.51530981743,0,0,,,,,,78960.3108983353,Capitaine,15171.406124514755,12436.731310702085,8989.406838162802,233136.7782488999,157786.2815134608,81084.31611168873,154594.14996683132,0,0,0,0,0,663199.0701142604
Carangue,344.2686384894671,23.57257461555935,117.88571151038875,0,1428.0836498808374,0,0,,,,,,1913.8105744962527,Carangue,422.9169645910133,380.13826636291935,437.54776005157464,59.30567989455404,106.21629260603994,175.1092907890105,0,,,,,,0,Carangue,39994.181818181816,,,1932.955100846244,788.3946256081018,0,0,,,,,,42715.531544636164,Carangue,0,0,51.44063971256365,42.5345005107571,0,0,,,,,,,93.97514022332075,Carangue,,,,,,,,,,,,,,Carangue,0,70.78547259334829,40.08006752754413,0,0,0,0,0,,,,,110.86554012089242,Carangue,115.25168977039633,0,0,0,0,0,0,,,,,,115.25168977039633,Carangue,40876.61911103269,474.496313571827,646.9541788020712,2034.7952812515553,2322.6945680949793,175.1092907890105,0,0,0,0,0,0,46530.66874354214
Carpe,93.89144686076376,231.43982349821906,17.861471440967993,0,363.5122017878495,0,0,,,,,,706.7049435878002,Carpe,7.0662817809693115,0,55.286408559787745,28.482333107252927,7.655228295930807,0,0,,,,,,0,Carpe,0,,,0,0,0,0,,,,,,0,Carpe,0,24.49529832893749,20.576255885025464,21.26725025537855,153.40928840315323,0,,,,,,,219.74809287249474,Carpe,,,,,,,,,,,,,,Carpe,0,0,22.04403714014927,0,0,0,0,0,,,,,22.04403714014927,Carpe,0,0,0,0,4198.851530981742,0,0,,,,,,4198.851530981742,Carpe,100.95772864173307,255.93512182715654,115.76817302593047,49.749583362631476,4723.428249468676,0,0,0,0,0,0,0,5245.838856326127
Ceinture,0,0,0,0,0,0,0,,,,,,0,Ceinture,0,0,0,6.242703146795162,0,0,0,,,,,,0,Ceinture,0,,,0,0,0,0,,,,,,0,Ceinture,0,0,0,0,0,0,,,,,,,0,Ceinture,,,,,,,,,,,,,,Ceinture,0,0,0,0,0,0,0,0,,,,,0,Ceinture,0,0,0,0,0,0,0,,,,,,0,Ceinture,0,0,0,6.242703146795162,0,0,0,0,0,0,0,0,6.242703146795162
Crabe,0,10.714806643436066,0,0,0,0,0,,,,,,10.714806643436066,Crabe,97.86800266642497,241.8526741101546,73.60616524232096,0,22.008781350801073,6.312350936319469,0,,,,,,0,Crabe,0,,,0,50.21621819159884,0,0,,,,,,50.21621819159884,Crabe,0,0,0,0,0,0,,,,,,,0,Crabe,,,,,,,,,,,,,,Crabe,0,0,15.030025322829049,0,0,0,17.775995993307212,0,,,,,32.80602131613626,Crabe,0,0,0,0,0,0,0,,,,,,0,Crabe,97.86800266642497,252.56748075359067,88.63619056515,0,72.22499954239991,6.312350936319469,17.775995993307212,0,0,0,0,0,535.3850204571922
Crevette,0,0,0,0,0,0,0,,,,,,0,Crevette,0,0,0,0,0,0,0,,,,,,0,Crevette,0,,,0,0,0,0,,,,,,0,Crevette,0,0,0,0,0,0,,,,,,,0,Crevette,,,,,,,,,,,,,,Crevette,0,0,0,0,0,0,0,0,,,,,0,Crevette,0,0,0,0,0,0,0,,,,,,0,Crevette,0,0,0,0,0,0,0,0,0,0,0,0,0
Disque,1977.9798138667566,272.1560887432761,185.7593029860671,484.45081938557,1181.414655810511,3164.5532231185002,0,,,,,,7266.313903910681,Disque,699.5618963159618,1115.699927281881,782.678890410013,205.22886595089096,701.4102926146602,158.27635495882524,739.4244611987262,,,,,,739.4244611987262,Disque,0,,,0,0,0,0,,,,,,0,Disque,0,0,0,106.33625127689275,0,0,,,,,,,106.33625127689275,Disque,,,,,,,,,,,,,,Disque,0,0,0,27.359886308950916,0,0,0,0,,,,,27.359886308950916,Disque,0,0,0,0,0,0,0,,,,,,0,Disque,2677.5417101827184,1387.856016025157,968.4381933960801,823.3758229223047,1882.8249484251712,3322.8295780773256,739.4244611987262,0,0,0,0,0,11802.290730227483
Divers,1496.0037199815026,150.00729300810494,157.18094868051833,1605.33702894434,0,1144.6256338939256,0,,,,,,4553.154624508392,Divers,911.5503497450411,1361.0832973644465,1097.5497083910527,149.0445376297345,1344.449469472848,342.9710675400245,3934.4684293413707,,,,,,3934.4684293413707,Divers,0,,,1139.9478799862463,3007.9514696767706,1569.4773584905663,39830.70532110092,,,,,,45548.0820292545,Divers,0,0,0,0,87.66245051608757,0,,,,,,,87.66245051608757,Divers,,,,,,,,,,,,,,Divers,35.82079587079588,0,566.1309538265608,0,0,0,0,0,,,,,601.9517496973567,Divers,0,0,0,0,0,0,0,,,,,,0,Divers,2443.3748655973395,1511.0905903725513,1820.8616108981319,2894.3294465603212,4440.0633896657055,3057.0740599245164,43765.17375044229,0,0,0,0,0,59931.96771346086
Dorade Grise,7824.287238396979,1583.6484218998507,873.4259534633347,120704.24631240075,1077.5540267282681,269.3236785632766,0,,,,,,132332.48563145247,Dorade Grise,438.46278450914576,313.64349221584524,372.93790389442626,74.91243776154194,413.38232798026354,123.44152942135851,3076.3709064687746,,,,,,3076.3709064687746,Dorade Grise,0,,,408.8943482559362,0,0,0,,,,,,408.8943482559362,Dorade Grise,0,0,123.45753531015278,999.5607620027919,0,0,,,,,,,1123.0182973129447,Dorade Grise,,,,,,,,,,,,,,Dorade Grise,185.33368298368302,292.3747781029603,145.29024478734746,34.49724795476419,0,0,42.95865698382576,0,,,,,700.4546108125807,Dorade Grise,0,0,0,0,0,0,0,,,,,,0,Dorade Grise,8448.083705889807,2189.6666922186564,1515.1116374552612,122222.11110837577,1490.9363547085318,392.7652079846351,3119.3295634526003,0,0,0,0,0,139378.00427008528
Dorade Rose,582.1269705367353,0,414.38613743045744,1795.3177424288772,142.80836498808372,0,0,,,,,,2934.6392153841534,Dorade Rose,166.41093594182726,11.768986574703385,1162.1595645482012,98.7127435086985,60.28492283045511,248.05201271981326,0,,,,,,0,Dorade Rose,0,,,0,0,0,0,,,,,,0,Dorade Rose,0,0,20.576255885025464,0,0,0,,,,,,,20.576255885025464,Dorade Rose,,,,,,,,,,,,,,Dorade Rose,1168.8481435231436,1313.1218104273303,1167.3319667397227,942.1317372473533,2118.8401958456975,2118.8401958456975,4291.421699384249,10848,,,,,23968.535749013194,Dorade Rose,272.9645284035702,0,0,0,0,0,0,,,,,,272.9645284035702,Dorade Rose,2190.3505784052763,1324.8907970020337,2764.4539246034064,2836.1622231849287,2321.9334836642365,2366.892208565511,4291.421699384249,10848,0,0,0,0,28944.104914809643
Langouste,0,0,0,0,0,0,0,,,,,,0,Langouste,15.545819918132485,5.296043958616524,0,0,7.655228295930807,18.00188970728145,27.386091155508378,,,,,,27.386091155508378,Langouste,0,,,0,0,0,0,,,,,,0,Langouste,0,0,0,0,0,0,,,,,,,0,Langouste,,,,,,,,,,,,,,Langouste,0,0,0,0,0,0,0,0,,,,,0,Langouste,0,0,0,0,0,0,0,,,,,,0,Langouste,15.545819918132485,5.296043958616524,0,0,7.655228295930807,18.00188970728145,27.386091155508378,0,0,0,0,0,73.88507303546965
Machoiron de mer,5220.3644454584655,2207.2501685478296,1421.7731267010522,6307.359687686637,2791.254406585273,4376.509776653245,2077.5936082919457,,,,,,24402.10521992445,Machoiron de mer,1227.059831265321,2326.7286458188596,1607.0679411240078,1028.0951744878282,1430.5707878020696,376.87072997581424,3090.0639520465293,,,,,,3090.0639520465293,Machoiron de mer,0,,,74.34442695562477,0,0,0,,,,,,74.34442695562477,Machoiron de mer,0,73.48589498681247,689.3045721483529,552.9485066398422,262.9873515482627,0,,,,,,,1578.7263253232704,Machoiron de mer,,,,,,,,,,,,,,Machoiron de mer,17.91039793539794,97.45825936765343,177.35429880938275,0,0,0,28.145326989403088,0,,,,,320.8682831018372,Machoiron de mer,0,0,0,0,0,0,0,,,,,,0,Machoiron de mer,6465.334674659184,4704.922968721155,3895.499938782796,7962.747795769932,4484.812545935605,4753.38050662906,5195.802887327878,0,0,0,0,0,37462.501317825605
Maquéreau,1921.6449457502983,287.1568180440866,101.81038721351756,0,246.66899407032642,0,0,,,,,,2557.2811450782287,Maquéreau,157.22476962656717,531.9581931765931,113.68063298536238,150.99538236310798,263.1484726726215,32.96449933411279,502.078337850987,,,,,,502.078337850987,Maquéreau,0,,,0,0,168.7610062893082,0,,,,,,168.7610062893082,Maquéreau,0,244.9529832893749,401.2369897579965,233.93975280916405,438.3122525804378,0,,,,,,,1318.4419784369734,Maquéreau,,,,,,,,,,,,,,Maquéreau,0,0,0,0,0,0,0,0,,,,,0,Maquéreau,0,0,0,0,0,0,0,,,,,,0,Maquéreau,2078.8697153768653,1064.0679945100546,616.7280099568765,384.935135172272,948.1297193233856,201.725505623421,502.078337850987,0,0,0,0,0,5796.534417813862
Merou,1289.4425368878221,72.86068517536526,76.80432719616238,0,0,4595.335265485907,0,,,,,,6034.442814745257,Merou,9.53948040430857,82.38290602292369,450.6333005390984,15.606757866987905,175.1133472694172,189.13673731416483,118.67306167386965,,,,,,118.67306167386965,Merou,0,,,0,0,0,0,,,,,,0,Merou,0,0,0,5380.614314610772,0,0,,,,,,,5380.614314610772,Merou,,,,,,,,,,,,,,Merou,915.7664335664336,856.6068060209539,1773.5429880938277,1034.9174386429258,1810.9251810089024,1810.9251810089024,1547.9929844171697,0,,,,,9750.677012759115,Merou,0,0,0,0,0,0,0,,,,,,0,Merou,2214.7484508585644,1011.8503972192428,2300.9806158290885,6431.138511120686,1986.0385282783195,6595.397183808975,1666.6660460910393,0,0,0,0,0,22206.819733205917
Mulet,1139.2162219106003,1028.6214377698625,2965.0042592006866,0,0,6665.761044441097,0,,,,,,11798.602963322246,Mulet,5488.381059278864,7897.578440954708,7920.023380073736,2328.91844270127,4927.096311968466,1541.6163731144661,2880.103919854298,,,,,,2880.103919854298,Mulet,374802.61818181816,,,68136.66730483009,53656.029137723366,60829.90471698113,187673.9346788991,,,,,,745099.1540202519,Mulet,0,0,0,19459.533983671372,24939.967171826916,0,,,,,,,44399.50115549829,Mulet,,,,,,,,,,,,,,Mulet,0,0,0,165.3488781280077,15.395750741839764,15.395750741839764,0,0,,,,,196.14037961168725,Mulet,0,0,0,0,0,0,0,,,,,,0,Mulet,381430.2154630076,8926.19987872457,10885.027639274424,90090.46860933072,83538.48837226059,69052.67788527854,190554.0385987534,0,0,0,0,0,834477.11644663
Raie,0,0,0,151.98457078762982,0,0,0,,,,,,151.98457078762982,Raie,5.653025424775449,0,0,74.13209986819254,35.405430868679986,3.506861631288594,0,,,,,,0,Raie,0,,,0,0,42.19025157232705,0,,,,,,42.19025157232705,Raie,0,0,0,0,0,0,,,,,,,0,Raie,,,,,,,,,,,,,,Raie,0,0,0,0,0,0,0,0,,,,,0,Raie,0,0,0,0,0,0,0,,,,,,0,Raie,5.653025424775449,0,0,226.11667065582236,35.405430868679986,45.69711320361564,0,0,0,0,0,0,312.8722401528934
Requin,0,0,0,0,0,0,0,,,,,,0,Requin,0,0,0,0,0,0,0,,,,,,0,Requin,0,,,0,0,0,0,,,,,,0,Requin,0,0,0,0,0,0,,,,,,,0,Requin,,,,,,,,,,,,,,Requin,0,0,0,0,0,0,0,0,,,,,0,Requin,0,0,0,0,0,0,0,,,,,,0,Requin,0,0,0,0,0,0,0,0,0,0,0,0,0
Rouge,2797.96511645076,537.8832935004906,807.3385091317532,1576.8399219216592,2479.6725193385446,0,0,,,,,,8199.699360343207,Rouge,635.965360287238,354.24649589857194,942.4042689858494,226.68815801799934,490.891514476563,422.92751273340446,648.137490680365,,,,,,648.137490680365,Rouge,0,,,0,241.03784731967443,0,0,,,,,,241.03784731967443,Rouge,0,0,0,0,0,0,,,,,,,0,Rouge,,,,,,,,,,,,,,Rouge,2382.082925407926,4807.256877861305,2552.098299816372,2414.8073568334935,3151.3177299703266,3151.3177299703266,2704.914056981581,3600,,,,,24763.79497684133,Rouge,0,0,0,0,0,0,0,,,,,,0,Rouge,5816.0134021459235,5699.386667260367,4301.841077933975,4218.335436773152,6362.919611105108,3574.245242703731,3353.0515476619457,3600,0,0,0,0,36925.7929855842
Sardine,11229.417044547345,128641.96856109342,67453.84689681562,0,194.7386795292051,5285.477191804303,0,,,,,,212805.4483737899,Sardine,10475.762740287004,0,4939.791534040207,27322.360828789053,90909.6636283263,11345.866331095698,0,,,,,,0,Sardine,0,,,0,3414.702837028721,0,0,,,,,,3414.702837028721,Sardine,1058217.378654841,1262561.161768425,764860.5837581665,664814.2429831334,1348686.8011900072,1268574.0696156397,,,,,,,6367714.237970213,Sardine,,,,,,,,,,,,,,Sardine,0,0,0,0,0,0,5184.665498047937,0,,,,,5184.665498047937,Sardine,123592.27258272763,176323.71255042907,0,243205.9227368826,314913.8648236307,273687.37957345526,0,,,,,,1131723.1522671254,Sardine,1203514.8310224032,1567526.8428799475,837254.2221890223,935342.5265488051,1758119.7711585222,1558892.792711995,5184.665498047937,0,0,0,0,0,7865835.652008742
Sole,3117.196035777357,1281.4908745549537,762.6848305293332,1196.8784949525848,6179.707430393441,1666.4402611102742,0,,,,,,14204.397927317943,Sole,222.94119018958176,1684.7304281687898,959.8243947598653,84.27649248173469,413.38232798026354,81.35918984589539,123.23741019978772,,,,,,123.23741019978772,Sole,0,,,0,0,0,0,,,,,,0,Sole,0,0,0,0,0,0,,,,,,,0,Sole,,,,,,,,,,,,,,Sole,0,0,325.65054866129606,0,0,0,297.74793288789584,0,,,,,623.398481549192,Sole,0,0,0,0,0,0,0,,,,,,0,Sole,3340.137225966939,2966.2213027237435,2048.1597739504946,1281.1549874343195,6593.089758373705,1747.7994509561695,420.98534308768353,0,0,0,0,0,18397.54784249305
Thon,3323.7572188710374,953.61779126581,1264.5921780205338,322.96721292371336,0,1582.2766115592501,0,,,,,,7447.211012640345,Thon,1137.671366736059,1987.5464527359077,1184.8139065172265,375.3425267010591,690.8843537077554,432.04535297475485,2715.787372921248,,,,,,2715.787372921248,Thon,0,,,142.4934849982808,0,691.9201257861636,0,,,,,,834.4136107844444,Thon,0,171.46708830256244,267.491326505331,531.6812563844637,219.1561262902189,0,,,,,,,1189.795797482576,Thon,,,,,,,,,,,,,,Thon,432.9644022644023,897.6418625968079,564.1269504501836,411.58785490856593,873.7088545994067,873.7088545994067,4168.471060430541,43920,,,,,52142.20983984931,Thon,0,0,0,0,0,0,0,,,,,,0,Thon,4894.392987871499,4010.2731949010877,3281.024361493275,1784.072335916083,1783.749334597381,3579.9509449195752,6884.258433351789,43920,0,0,0,0,70137.7215930507
Turbo,413.1223661873605,34.28738125899542,0,465.4527480371163,0,0,0,,,,,,912.8624954834722,Turbo,395.35846564523297,412.5029794433537,134.94463627758842,83.88632353505999,495.6760321615198,113.85610762916968,607.0583539471024,,,,,,607.0583539471024,Turbo,0,,,0,0,0,0,,,,,,0,Turbo,0,0,0,0,0,0,,,,,,,0,Turbo,,,,,,,,,,,,,,Turbo,0,0,0,0,0,0,0,0,,,,,0,Turbo,0,0,0,0,0,0,0,,,,,,0,Turbo,808.4808318325935,446.7903607023491,134.94463627758842,549.3390715721763,495.6760321615198,113.85610762916968,607.0583539471024,0,0,0,0,0,3156.145394122499
,,,,,,,,,,,,,,,,,,,,,,,,,,,,,,,,,,,,,,,,,,,,,,,,,,,,,,,,,,,,,,,,,,,,,,,,,,,,,,,,,,,,,,,,,,,,,,,,,,,,,,,,,,,,,,,0
Efforts (jr),315.6415770609321,645.0000000000001,682.8387096774194,349.46031746031736,393.14285714285717,310.3759398496241,2001.4545454545455,,,,,,4697.913946645695,Efforts (jr),29.548387096774192,23.537777777777773,8.57685009487666,33.60329444063142,43.201181974883035,34.61818181818182,40.38461538461539,,,,,,213.4702885877403,Efforts (jr),234.66666666666666,,,130.37037037037032,162.46153846153845,110.40000000000002,171.59999999999997,,,,,,809.4985754985753,Efforts (jr),1260.7210626185952,1679.6347031963471,1720.139372822299,1786.9387755102039,1948.0341880341873,1727.3142857142855,,,,,,,10122.782387895917,Efforts (jr),,,,,,,,,,,,,,Efforts (jr),22.8,21.54016620498615,18.642857142857142,23.029411764705884,28.800000000000004,28.800000000000004,24.000000000000004,72,,,,,239.61243511254918,Efforts (jr),245.91304347826085,214.56521739130434,140,162.4,132.92307692307693,308.3294117647059,180,,,,,,1384.130749557348,Efforts (jr),2109.290736921229,2584.2778645704157,2570.1977897374522,2485.802169546229,2708.562842536543,2519.8378191467978,2417.439160839161,72,0,0,0,0,17467.40838329783
Captures (kg),101559.2483543928,171379.04633910253,96066.13799810225,177441.9863945578,97719.86938775511,129931.84217687076,583111.2727272727,,,,,,1357209.403378054,Captures (kg),30565.201843582756,34887.74842231922,34298.67374110453,38890.47992874716,116099.19233608662,20046.156247547282,43781.231060606064,,,,,,318568.68357999367,Captures (kg),414796.8,,,78575.8639231824,61344.13214285715,64399.200000000004,227504.64,,,,,,846620.6360660396,Captures (kg),1089361.7461667003,1314082.9392536236,804387.5713133004,909238.7501681991,1513053.8959076714,1366238.2040816327,,,,,,,6996363.106891127,Captures (kg),,,,,,,,,,,,,,Captures (kg),6235.933333333334,9003.091412742384,8457.89625,8651.671875,10376.736,10376.736,21203.80055401662,60912,,,,,135217.86542509234,Captures (kg),135652.7553293587,192632.79577762925,161391.99999999997,303089.92000000004,418158.95857988176,289440.39861591696,214238.65909090906,,,,,,1714605.4873936959,Captures (kg),1778171.685027368,1721985.621205417,1104602.2793025072,1515888.6722896863,2216752.784354252,1880432.5371219676,1089839.6034328043,60912,0,0,0,0,11368585.182734001
CPUE (kg/jr),64.5496095750128,96.8712309733299,61.07317743204073,75.22371031746032,41.42678571428572,55.08253968253968,35.31439393939394,,,,,,61.36306394772329,CPUE (kg/jr),165.21855981982736,163.5363207296214,191.12784178187403,209.81940828252039,626.5489501284618,104.40706378930875,60.80726536195286,,,,,,217.35220141336666,CPUE (kg/jr),98.2,,,167.4201646090535,116.18206845238096,111.80416666666666,89.76666666666668,,,,,,116.67461327895357,CPUE (kg/jr),266.847718525934,279.9892626250618,177.7371527523076,200.9050268679733,310.44350768307663,301.8834415584415,,,,,,,256.3010183354658,CPUE (kg/jr),,,,,,,,,,,,,,CPUE (kg/jr),64.9576388888889,98.9923245614035,78.31385416666666,80.10807291666667,90.07583333333334,90.07583333333334,233.14364035087715,105.75,,,,,105.17714969389618,CPUE (kg/jr),257.93761347348305,382.2079281302167,80.05555555555556,375.85555555555555,449.4102564102564,406.7862745098039,70.84611742424242,,,,,,289.01418586558765,CPUE (kg/jr),152.95185671385772,204.31941340392666,117.66151633768891,184.88865642487164,272.3479002869658,178.33988659001565,97.9756167486266,105.75,0,0,0,0,109.51957054216275
Nbre débarq.,130,420,448,48,62,60,16,,,,,,1184,Nbre débarq.,460,331,117,409,733,714,70,,,,,,2834,Nbre débarq.,8,,,80,96,69,13,,,,,,266,Nbre débarq.,756,627,374,199,259,229,,,,,,,2444,Nbre débarq.,,,,,,,,,,,,,,Nbre débarq.,38,36,29,29,42,42,38,3,,,,,257,Nbre débarq.,202,235,10,29,24,52,20,,,,,,572,Nbre débarq.,1594,1649,978,794,1216,1166,157,3,0,0,0,0,7557
Taux échant.,0.06298449612403101,0.20348837209302326,0.21705426356589147,0.023255813953488372,0.030038759689922482,0.029069767441860465,0.007751937984496124,,,,,,0.08194905869324476,Taux échant.,1.9166666666666667,1.3791666666666667,0.4875,1.7041666666666666,3.0541666666666667,2.975,0.2916666666666667,,,,,,1.6869047619047617,Taux échant.,0.015151515151515152,,,0.15151515151515152,0.18181818181818182,0.13068181818181818,0.02462121212121212,,,,,,0.10075757575757575,Taux échant.,0.1431818181818182,0.11875,0.07083333333333333,0.03768939393939394,0.0490530303030303,0.04337121212121212,,,,,,,0.07714646464646466,Taux échant.,,,,,,,,,,,,,,Taux échant.,0.5277777777777778,0.5,0.4027777777777778,0.4027777777777778,0.5833333333333334,0.5833333333333334,0.5277777777777778,0.041666666666666664,,,,,0.4461805555555555,Taux échant.,0.4007936507936508,0.4662698412698413,0.01984126984126984,0.057539682539682536,0.047619047619047616,0.10317460317460317,0.03968253968253968,,,,,,0.16213151927437644,Taux échant.,0.5110926541159099,0.5335349760059063,0.2396013289036545,0.39615741439869345,0.6576715032383637,0.6441051223754714,0.17830002684653848,0.041666666666666664,0,0,0,0,0.2668441410459337
Owendo,,,,,,,,,,,,,,Owendo,,,,,,,,,,,,,,Owendo,,,,,,,,,,,,,,Owendo,,,,,,,,,,,,,,Owendo,,,,,,,,,,,,,,,,,,,,,,,,,,,,,,,,,,,,,,,,,,Owendo,,,,,,,,,,,,,
Filet maillant de fond,,,,,,,,,,,,,,Filet maillant dérivant,,,,,,,,,,,,,,Filet mulet,,,,,,,,,,,,,,Filet sardine,,,,,,,,,,,,,,Ligne à main,,,,,,,,,,,,,,,,,,,,,,,,,,,,,,,,,,,,,,,,,,Total,,,,,,,,,,,,,
Espèces,Janvier,Février,Mars,Avril,Mai,Juin,Juillet,Août,Septembre,Octobre,Novembre,Décembre,Total,Espèces,Janvier,Février,Mars,Avril,Mai,Juin,Juillet,Août,Septembre,Octobre,Novembre,Décembre,Total,Espèces,Janvier,Février,Mars,Avril,Mai,Juin,Juillet,Août,Septembre,Octobre,Novembre,Décembre,Total,Espèces,Janvier,Février,Mars,Avril,Mai,Juin,Juillet,Août,Septembre,Octobre,Novembre,Décembre,Total,Espèces,Janvier,Février,Mars,Avril,Mai,Juin,Juillet,Août,Septembre,Octobre,Novembre,Décembre,Total,,,,,,,,,,,,,,,,,,,,,,,,,,,,,Espèces,Janvier,Février,Mars,Avril,Mai,Juin,Juillet,Août,Septembre,Octobre,Novembre,Décembre,Total
Banane de Mer,0,0,0,0,0,0,,,,,,,0,Banane de Mer,,,,,,,,,,,,,0,Banane de Mer,,,,0,0,0,,,,,,,0,Banane de Mer,,,,0,0,0,,,,,,,0,Banane de Mer,,,,,,,,,,,,,,,,,,,,,,,,,,,,,,,,,,,,,,,,,,Banane de Mer,0,0,0,0,0,0,0,0,0,0,0,0,0
Barbillon,614.5723442334105,61.89597848360657,0,0,0,0,,,,,,,676.468322717017,Barbillon,,,,,,,,,,,,,0,Barbillon,,,,0,0,0,,,,,,,0,Barbillon,,,,4.075166732953195,0,0,,,,,,,4.075166732953195,Barbillon,,,,,,,,,,,,,,,,,,,,,,,,,,,,,,,,,,,,,,,,,,Barbillon,614.5723442334105,61.89597848360657,0,4.075166732953195,0,0,0,0,0,0,0,0,680.5434894499703
Bars,20349.17317572848,23149.095952868858,26974.612273886112,12644.650632882016,62710.83,19492.30145879776,,,,,,,165320.66349416325,Bars,,,,,,,,,,,,,0,Bars,,,,570.7692307692307,254.8983792281981,42336,,,,,,,43161.66760999743,Bars,,,,281.1865045737705,719.5573418225229,805.0676029245568,,,,,,,1805.81144932085,Bars,,,,,,,,,,,,,,,,,,,,,,,,,,,,,,,,,,,,,,,,,,Bars,20349.17317572848,23149.095952868858,26974.612273886112,13496.606368225017,63685.28572105073,62633.36906172232,0,0,0,0,0,0,210288.1425534815
Bécune,7729.954374135787,8046.477202868854,9838.687872284952,2194.8471912683067,5068.7325,24795.354061558915,,,,,,,57674.05320211682,Bécune,,,,,,,,,,,,,0,Bécune,,,,599.3076923076923,266.22719608278464,3168,,,,,,,4033.534888390477,Bécune,,,,83.83200136360858,209.8708913649025,757.9307451325058,,,,,,,1051.6336378610167,Bécune,,,,,,,,,,,,,,,,,,,,,,,,,,,,,,,,,,,,,,,,,,Bécune,7729.954374135787,8046.477202868854,9838.687872284952,2877.9868849396075,5544.830587447687,28721.284806691423,0,0,0,0,0,0,62759.22172836831
Bossu,6036.46613669261,11419.808030225413,5233.879993440588,2942.6491104172433,707.265,6879.635808987445,,,,,,,33219.704079763294,Bossu,,,,,,,,,,,,,0,Bossu,,,,1284.230769230769,31.154246350113098,14112,,,,,,,15427.385015580881,Bossu,,,,588.8615929117368,1978.7826900119378,812.5496438439301,,,,,,,3380.193926767605,Bossu,,,,,,,,,,,,,,,,,,,,,,,,,,,,,,,,,,,,,,,,,,Bossu,6036.46613669261,11419.808030225413,5233.879993440588,4815.741472559749,2717.201936362051,21804.185452831374,0,0,0,0,0,0,52027.28302211179
Capitaine,23025.977163945117,30886.09326331968,29742.5295781095,13052.542588781436,2829.06,9316.173491337164,,,,,,,108852.3760854929,Capitaine,,,,,,,,,,,,,0,Capitaine,,,,313.9230769230769,175.59666124609203,57600,,,,,,,58089.51973816917,Capitaine,,,,322.5203385794386,356.03097642260246,676.3764991113377,,,,,,,1354.9278141133786,Capitaine,,,,,,,,,,,,,,,,,,,,,,,,,,,,,,,,,,,,,,,,,,Capitaine,23025.977163945117,30886.09326331968,29742.5295781095,13688.986004283952,3360.6876376686946,67592.5499904485,0,0,0,0,0,0,168296.82363777547
Carangue,0,0,0,0,0,0,,,,,,,0,Carangue,,,,,,,,,,,,,0,Carangue,,,,0,0,0,,,,,,,0,Carangue,,,,0,0,0,,,,,,,0,Carangue,,,,,,,,,,,,,,,,,,,,,,,,,,,,,,,,,,,,,,,,,,Carangue,0,0,0,0,0,0,0,0,0,0,0,0,0
Carpe,0,0,0,0,2357.55,1433.2574602057177,,,,,,,3790.8074602057177,Carpe,,,,,,,,,,,,,0,Carpe,,,,0,107.62376011857253,0,,,,,,,107.62376011857253,Carpe,,,,6.112750099429793,76.82773701750895,25.4389391258689,,,,,,,108.37942624280764,Carpe,,,,,,,,,,,,,,,,,,,,,,,,,,,,,,,,,,,,,,,,,,Carpe,0,0,0,6.112750099429793,2542.0014971360815,1458.6963993315867,0,0,0,0,0,0,4006.810646567098
Ceinture,0,0,0,0,0,0,,,,,,,0,Ceinture,,,,,,,,,,,,,0,Ceinture,,,,0,0,0,,,,,,,0,Ceinture,,,,0,0,0,,,,,,,0,Ceinture,,,,,,,,,,,,,,,,,,,,,,,,,,,,,,,,,,,,,,,,,,Ceinture,0,0,0,0,0,0,0,0,0,0,0,0,0
Crabe,0,0,0,0,235.755,0,,,,,,,235.755,Crabe,,,,,,,,,,,,,0,Crabe,,,,0,36.81865477740639,0,,,,,,,36.81865477740639,Crabe,,,,0,0,0,,,,,,,0,Crabe,,,,,,,,,,,,,,,,,,,,,,,,,,,,,,,,,,,,,,,,,,Crabe,0,0,0,0,272.5736547774064,0,0,0,0,0,0,0,272.5736547774064
Crevette,0,0,0,0,0,0,,,,,,,0,Crevette,,,,,,,,,,,,,0,Crevette,,,,0,0,0,,,,,,,0,Crevette,,,,0,0,0,,,,,,,0,Crevette,,,,,,,,,,,,,,,,,,,,,,,,,,,,,,,,,,,,,,,,,,Crevette,0,0,0,0,0,0,0,0,0,0,0,0,0
Disque,0,0,0,0,0,0,,,,,,,0,Disque,,,,,,,,,,,,,0,Disque,,,,0,0,0,,,,,,,0,Disque,,,,0,22.48616693195384,0,,,,,,,22.48616693195384,Disque,,,,,,,,,,,,,,,,,,,,,,,,,,,,,,,,,,,,,,,,,,Disque,0,0,0,0,22.48616693195384,0,0,0,0,0,0,0,22.48616693195384
Divers,0,0,0,0,1296.6525,0,,,,,,,1296.6525,Divers,,,,,,,,,,,,,0,Divers,,,,0,59.47628848657955,0,,,,,,,59.47628848657955,Divers,,,,0,26.23386142061281,0,,,,,,,26.23386142061281,Divers,,,,,,,,,,,,,,,,,,,,,,,,,,,,,,,,,,,,,,,,,,Divers,0,0,0,0,1382.3626499071922,0,0,0,0,0,0,0,1382.3626499071922
Dorade Grise,1474.9736261601852,1949.723322233607,2013.0307667079187,58.27027941420284,0,0,,,,,,,5495.997994515914,Dorade Grise,,,,,,,,,,,,,0,Dorade Grise,,,,256.84615384615387,36.81865477740639,0,,,,,,,293.66480862356025,Dorade Grise,,,,36.967583934646846,18.738472443294864,0,,,,,,,55.70605637794171,Dorade Grise,,,,,,,,,,,,,,,,,,,,,,,,,,,,,,,,,,,,,,,,,,Dorade Grise,1474.9736261601852,1949.723322233607,2013.0307667079187,352.0840171950035,55.55712722070125,0,0,0,0,0,0,0,5845.368859517415
Dorade Rose,0,0,0,0,0,0,,,,,,,0,Dorade Rose,,,,,,,,,,,,,0,Dorade Rose,,,,0,0,0,,,,,,,0,Dorade Rose,,,,0,0,0,,,,,,,0,Dorade Rose,,,,,,,,,,,,,,,,,,,,,,,,,,,,,,,,,,,,,,,,,,Dorade Rose,0,0,0,0,0,0,0,0,0,0,0,0,0
Langouste,0,0,0,0,0,0,,,,,,,0,Langouste,,,,,,,,,,,,,0,Langouste,,,,0,0,0,,,,,,,0,Langouste,,,,0,0,0,,,,,,,0,Langouste,,,,,,,,,,,,,,,,,,,,,,,,,,,,,,,,,,,,,,,,,,Langouste,0,0,0,0,0,0,0,0,0,0,0,0,0
Machoiron de mer,751.1439762852796,0,0,2826.108551588838,4479.345,4729.7496186788685,,,,,,,12786.347146552987,Machoiron de mer,,,,,,,,,,,,,0,Machoiron de mer,,,,684.9230769230769,215.24752023714507,0,,,,,,,900.170597160222,Machoiron de mer,,,,79.17466795451922,251.0955307401512,121.20906289384592,,,,,,,451.47926158851635,Machoiron de mer,,,,,,,,,,,,,,,,,,,,,,,,,,,,,,,,,,,,,,,,,,Machoiron de mer,751.1439762852796,0,0,3590.206296466434,4945.688050977296,4850.958681572714,0,0,0,0,0,0,14137.997005301724
Maquéreau,0,0,0,0,4715.1,22215.490633188623,,,,,,,26930.59063318862,Maquéreau,,,,,,,,,,,,,0,Maquéreau,,,,228.3076923076923,226.57633709173166,0,,,,,,,454.884029399424,Maquéreau,,,,0,211.74473860923197,614.2755594805401,,,,,,,826.020298089772,Maquéreau,,,,,,,,,,,,,,,,,,,,,,,,,,,,,,,,,,,,,,,,,,Maquéreau,0,0,0,228.3076923076923,5153.421075700964,22829.76619266916,0,0,0,0,0,0,28211.494960677817
Merou,0,0,0,0,0,0,,,,,,,0,Merou,,,,,,,,,,,,,0,Merou,,,,0,0,0,,,,,,,0,Merou,,,,0,0,11.971265470997128,,,,,,,11.971265470997128,Merou,,,,,,,,,,,,,,,,,,,,,,,,,,,,,,,,,,,,,,,,,,Merou,0,0,0,0,0,11.971265470997128,0,0,0,0,0,0,11.971265470997128
Mulet,0,0,0,1359.6398529980663,0,0,,,,,,,1359.6398529980663,Mulet,,,,,,,,,,,,,0,Mulet,,,,0,6941.732527647928,0,,,,,,,6941.732527647928,Mulet,,,,423.8173402271323,0,591.0812326304832,,,,,,,1014.8985728576156,Mulet,,,,,,,,,,,,,,,,,,,,,,,,,,,,,,,,,,,,,,,,,,Mulet,0,0,0,1783.4571932251986,6941.732527647928,591.0812326304832,0,0,0,0,0,0,9316.27095350361
Raie,0,0,0,0,0,0,,,,,,,0,Raie,,,,,,,,,,,,,0,Raie,,,,0,0,0,,,,,,,0,Raie,,,,0,0,0,,,,,,,0,Raie,,,,,,,,,,,,,,,,,,,,,,,,,,,,,,,,,,,,,,,,,,Raie,0,0,0,0,0,0,0,0,0,0,0,0,0
Requin,0,0,0,0,0,0,,,,,,,0,Requin,,,,,,,,,,,,,0,Requin,,,,0,0,0,,,,,,,0,Requin,,,,0,0,0,,,,,,,0,Requin,,,,,,,,,,,,,,,,,,,,,,,,,,,,,,,,,,,,,,,,,,Requin,0,0,0,0,0,0,0,0,0,0,0,0,0
Rouge,0,0,0,0,0,0,,,,,,,0,Rouge,,,,,,,,,,,,,0,Rouge,,,,0,0,0,,,,,,,0,Rouge,,,,42.20708401987238,0,0,,,,,,,42.20708401987238,Rouge,,,,,,,,,,,,,,,,,,,,,,,,,,,,,,,,,,,,,,,,,,Rouge,0,0,0,42.20708401987238,0,0,0,0,0,0,0,0,42.20708401987238
Sardine,0,0,0,0,0,40131.2088857601,,,,,,,40131.2088857601,Sardine,,,,,,,,,,,,,0,Sardine,,,,30821.53846153846,1124.3850728177183,0,,,,,,,31945.923534356178,Sardine,,,,12283.716866473203,28257.616444488656,14156.021419454106,,,,,,,54697.354730415966,Sardine,,,,,,,,,,,,,,,,,,,,,,,,,,,,,,,,,,,,,,,,,,Sardine,0,0,0,43105.25532801166,29382.001517306373,54287.2303052142,0,0,0,0,0,0,126774.48715053225
Sole,0,0,0,0,0,573.302984082287,,,,,,,573.302984082287,Sole,,,,,,,,,,,,,0,Sole,,,,0,0,0,,,,,,,0,Sole,,,,0,0,0,,,,,,,0,Sole,,,,,,,,,,,,,,,,,,,,,,,,,,,,,,,,,,,,,,,,,,Sole,0,0,0,0,0,573.302984082287,0,0,0,0,0,0,573.302984082287
Thon,286.80042730892495,0,0,67.9819926499033,4007.8350000000005,6163.007078884585,,,,,,,10525.624498843414,Thon,,,,,,,,,,,,,0,Thon,,,,856.1538461538462,155.7712317505655,4320,,,,,,,5331.925077904411,Thon,,,,10.187916832382987,161.15086301233586,486.3326597592584,,,,,,,657.6714396039772,Thon,,,,,,,,,,,,,,,,,,,,,,,,,,,,,,,,,,,,,,,,,,Thon,286.80042730892495,0,0,934.3237556361324,4324.757094762902,10969.339738643843,0,0,0,0,0,0,16515.221016351803
Turbo,0,0,0,0,0,0,,,,,,,0,Turbo,,,,,,,,,,,,,0,Turbo,,,,0,0,0,,,,,,,0,Turbo,,,,0,0,35.91379641299139,,,,,,,35.91379641299139,Turbo,,,,,,,,,,,,,,,,,,,,,,,,,,,,,,,,,,,,,,,,,,Turbo,0,0,0,0,0,35.91379641299139,0,0,0,0,0,0,35.91379641299139
,,,,,,,,,,,,,,,,,,,,,,,,,,,,,,,,,,,,,,,,,,,,,,,,,,,,,,,,,,,,,,,,,,,,,,,,,,,,,,,,,,,,,,,,,,,,,,,,,,,,,,,,,,,,,,,0
Efforts (jr),312.21428571428567,376.65,407.01176470588234,353.40000000000003,744,425.14285714285717,,,,,,,2618.418907563025,Efforts (jr),,,,,,,,,,,,,0,Efforts (jr),,,,104,54.85714285714284,192,,,,,,,350.85714285714283,Efforts (jr),,,,33.096774193548384,33.096774193548384,42.78857142857142,,,,,,,108.9821198156682,Efforts (jr),,,,,,,,,,,,,,,,,,,,,,,,,,,,,,,,,,,,,,,,,,Efforts (jr),312.21428571428567,376.65,407.01176470588234,490.4967741935484,831.9539170506913,659.9314285714286,0,0,0,0,0,0,3078.258170235836
Captures (kg),60269.06122448979,75513.09375000001,73802.74048442907,35146.69020000001,88408.125,135729.48148148146,,,,,,,468869.19214040035,Captures (kg),,,,,,,,,,,,,0,Captures (kg),,,,35616,9632.326530612241,121536,,,,,,,166784.32653061225,Captures (kg),,,,14162.659813702694,14162.659813702694,19094.16842624042,,,,,,,47419.48805364581,Captures (kg),,,,,,,,,,,,,,,,,,,,,,,,,,,,,,,,,,,,,,,,,,Captures (kg),60269.06122448979,75513.09375000001,73802.74048442907,84925.3500137027,112203.11134431494,276359.6499077219,0,0,0,0,0,0,683073.0067246584
CPUE (kg/jr),47.25396825396825,45.10937500000001,46.84313725490196,26.24454166666667,26.40625,45.608024691358025,,,,,,,39.577549477815815,CPUE (kg/jr),,,,,,,,,,,,,,CPUE (kg/jr),,,,92.75,58.529761904761905,105.5,,,,,,,85.59325396825398,CPUE (kg/jr),,,,85.20615431072461,85.20615431072461,110.49865987407652,,,,,,,93.63698949850858,CPUE (kg/jr),,,,,,,,,,,,,,,,,,,,,,,,,,,,,,,,,,,,,,,,,,CPUE (kg/jr),47.25396825396825,45.10937500000001,46.84313725490196,68.06689865913042,56.71405540516216,87.20222818847817,0,0,0,0,0,0,29.26580523013675
Nbre débarq.,47,27,31,38,8,12,,,,,,,163,Nbre débarq.,,,,,,,,,,,,,0,Nbre débarq.,,,,13,56,4,,,,,,,73,Nbre débarq.,,,,497,497,208,,,,,,,1202,Nbre débarq.,,,,,,,,,,,,,,,,,,,,,,,,,,,,,,,,,,,,,,,,,,Nbre débarq.,47,27,31,548,561,224,0,0,0,0,0,0,1438
Taux échant.,0.042114695340501794,0.024193548387096774,0.027777777777777776,0.034050179211469536,0.007168458781362007,0.010752688172043012,,,,,,,0.02434289127837515,Taux échant.,,,,,,,,,,,,,,Taux échant.,,,,0.06770833333333333,0.2916666666666667,0.020833333333333332,,,,,,,0.1267361111111111,Taux échant.,,,,2.300925925925926,2.300925925925926,0.9629629629629629,,,,,,,1.8549382716049383,Taux échant.,,,,,,,,,,,,,,,,,,,,,,,,,,,,,,,,,,,,,,,,,,Taux échant.,0.042114695340501794,0.024193548387096774,0.027777777777777776,0.8008948128235763,0.8665870171246516,0.3315163281561131,0,0,0,0,0,0,0.17442368163414312
